elem_index,file_section_id,file_section_name,file_loc_from,file_loc_to,file_lane_name,treat_2023,reason_2023,comment_2023,treat_2024,reason_2024,comment_2024,treat_2025,reason_2025,comment_2025,treat_2026,reason_2026,comment_2026,treat_2027,reason_2027,comment_2027,treat_2028,reason_2028,comment_2028,treat_2029,reason_2029,comment_2029,treat_2030,reason_2030,comment_2030,treat_2031,reason_2031,comment_2031,treat_2032,reason_2032,comment_2032,treat_2033,reason_2033,comment_2033,treat_2034,reason_2034,comment_2034,treat_2035,reason_2035,comment_2035,treat_2036,reason_2036,comment_2036,treat_2037,reason_2037,comment_2037,treat_2038,reason_2038,comment_2038,treat_2039,reason_2039,comment_2039,treat_2040,reason_2040,comment_2040,treat_2041,reason_2041,comment_2041,treat_2042,reason_2042,comment_2042,treat_2043,reason_2043,comment_2043
0,1013,Brook Street North,0,220,All,,,,,,,,,,,,,,,,,,,,,,ChipSeal_P,pdi =7; sdi =9.15; age =26,mesh_cracks =0.79; shove =0.52; poth =0.54,,,,,,,,,,,,,,,,,,,,,,,,,,,,,,,,,,,,,,,
1,1,Conifer Close,0,378,All,,,,,,,,,,,,,,,,,,,ChipSeal_P,pdi =8.46; sdi =7.44; age =15,mesh_cracks =1.91; shove =1.65; poth =0.44,,,,,,,,,,,,,,,,,,,,,,,,,,,,,,,,,,,,,,,,,,
2,2,Fladgate Drive,0,565,All,,,,,,,,,,,,,,,,,,,,,,ChipSeal_P,pdi =7.5; sdi =8.53; age =27,mesh_cracks =1.02; shove =0.54; poth =0.54,,,,,,,,,,,,,,,,,,,,,,,,,,,,,,,,,,,,,,,
3,4,Highfield Drive,0,71,All,,,,,,,,,,,,,,,,,,,,,,ChipSeal_P,pdi =10.24; sdi =7.46; age =22,mesh_cracks =3.91; shove =0.53; poth =0.54,,,,,,,,,,,,,,,,,,,,,,,,,,,,,,,,,,,,,,,
4,3,Matai Way,0,557,All,,,,,,,,,,,,,,,,,,,,,,ChipSeal_P,pdi =7.34; sdi =12.27; age =25,mesh_cracks =0.91; shove =0.54; poth =0.54,,,,,,,,,,,,,,,,,,,,,,,,,,,,,,,,,,,,,,,
5,5,Vintry Drive,0,362,All,,,,,,,,,,,,,,,,,,,ChipSeal_P,pdi =7.52; sdi =14.31; age =20,mesh_cracks =0.81; shove =1.86; poth =0.44,,,,,,,,,,,,,,,,,,,,,,,,,,,,,,,,,,,,,,,,,,
6,6,Croatia Avenue,0,42,All,,,,,,,,,,,,,,,,,,,,,,ChipSeal_P,pdi =6.74; sdi =7.79; age =15,mesh_cracks =0.83; shove =1.25; poth =0.43,,,,,,,,,,,,,,,,,,,,,,,,,,,,,,,,,,,,,,,
7,6,Croatia Avenue,42,76,All,,,,,,,,,,,,,,,,,,,,,,,,,,,,,,,,,,,,,,,,,,,,,,,,,,,,,,,,,,,,,,,
8,7,Lumbarda Drive,0,152,All,,,,,,,,,,,,,,,,,,,,,,,,,,,,,,,,,,,,,,,,,,,,,,,,,,,,Preseal_AC,pdi =10.62; sdi =13.35; age =24,mesh_cracks =1.84; shove =1.42; poth =0.53,,,,,,,,,
9,8,Tarras Road,0,86,All,,,,,,,,,,,,,,,,,,,,,,,,,ChipSeal_P,pdi =6.03; sdi =6.11; age =15,mesh_cracks =1.85; shove =1.15; poth =0.25,,,,,,,,,,,,,,,,,,,,,,,,,,,,,,,,,,,,
10,8,Tarras Road,86,120,All,,,,,,,,,,,,,,,,,,,,,,,,,,,,,,,,,,,,,,,,,,,Preseal_AC,pdi =12.7; sdi =15.39; age =25,mesh_cracks =2.42; shove =1.53; poth =0.64,,,,,,,,,,ThinAC_H,pdi =2.93; sdi =4.82; age =3,mesh_cracks =1; shove =0; poth =0,,,,,,
11,9,Kowhai Glen,0,305,All,,,,,,,,,,,,,,,,,,,,,,,,,ChipSeal_P,pdi =9.73; sdi =9.22; age =41,mesh_cracks =1.99; shove =0.65; poth =0.65,,,,,,,,,,,,,,,,,,,,,,,,,,,,,,,,,,,,
12,1037,Epiha Road Upper,0,415,All,,,,,,,,,,,,,ChipSeal_P,pdi =4.35; sdi =4.8; age =13,mesh_cracks =0.46; shove =1.16; poth =0.25,,,,,,,,,,,,,,,,,,,,,,,,,,,,ChipSeal_P,pdi =12.51; sdi =12.67; age =9,mesh_cracks =1.25; shove =1; poth =1,,,,,,,,,,,,,,,,,,
13,1038,Gossey Drive North,1319,1723,All,,,,,,,,,,,,,ChipSeal_P,pdi =4.35; sdi =4.35; age =13,mesh_cracks =0.46; shove =1.16; poth =0.25,,,,,,,,,,,,,,,,,,,,,,,,,,,,ChipSeal_P,pdi =12.51; sdi =12.68; age =9,mesh_cracks =1.26; shove =1; poth =1,,,,,,,,,,,,,,,,,,
14,10,Upper Ahu Ahu Road,0,46,All,,,,ChipSeal_P,committed,committed import,,,,,,,,,,,,,,,,,,,,,,,,,,,,,,,,,,,,,,,,ChipSeal_P,pdi =5.77; sdi =2.29; age =13,mesh_cracks =5.57; shove =0; poth =0,,,,,,,,,,,,,,,
15,10,Upper Ahu Ahu Road,46,68,All,,,,,,,,,,,,,,,,,,,,,,,,,,,,,,,,,,,,,Preseal_AC,pdi =18.48; sdi =18.17; age =23,mesh_cracks =4.66; shove =1.92; poth =1.03,,,,,,,,,,,,,,,,ThinAC_H,pdi =13.53; sdi =14; age =5,mesh_cracks =1.27; shove =1.07; poth =1.07,,,,,,
16,11,Lower Ahu Ahu Road,0,158,All,,,,,,,,,,,,,,,,,,,,,,,,,ChipSeal_P,pdi =8.64; sdi =10.32; age =15,mesh_cracks =1.2; shove =1.43; poth =0.53,,,,,,,,,,,,,,,,,,,,,,,,,,,,,,,,,,,,
17,11,Lower Ahu Ahu Road,158,179,All,,,,,,,,,,,,,,,,,,,,,,,,,,,,,,,,,,,,,,,,,,,,,,,,,,,,,,,,,,,,,,,
18,12,Kriletich Drive,0,263,All,,,,,,,,,,,,,,,,,,,,,,,,,ChipSeal_P,pdi =9.87; sdi =11.21; age =42,mesh_cracks =1.87; shove =0.69; poth =0.67,,,,,,,,,,,,,,,,,,,,,,,,,,,,,,,,,,,,
19,917,Port Street East,0,21,All,,,,,,,,,,,,,,,,,,,ChipSeal_P,pdi =5.4; sdi =5.62; age =24,mesh_cracks =0.65; shove =0.42; poth =0.42,,,,,,,,,,,,,,,,,,,,,,,,,,,,,,,,,,,,,,,,,,
20,917,Port Street East,21,396,All,,,,,,,,,,,,,,,,,,,,,,,,,,,,,,,,,,,,,,,,ChipSeal_P,pdi =4.89; sdi =5.2; age =13,mesh_cracks =1.66; shove =1.07; poth =0.17,,,,,,,,,,,,,,,,,,,,,
21,917,Port Street East,396,874,All,,,,,,,,,,,,,,,,ChipSeal_P,pdi =4.14; sdi =5.46; age =23,mesh_cracks =0.49; shove =0.32; poth =0.32,,,,,,,,,,,,,,,,,,,,,,,,,,,,,,,,,,,,,,,,,,,,,
22,917,Port Street East,874,1340,All,,,,,,,,,,,,,,,,ChipSeal_P,pdi =6.55; sdi =7.12; age =23,mesh_cracks =1.49; shove =0.32; poth =0.46,,,,,,,,,,,,,,,,,,,,,,,,,,,,,,,,,,,,,,,,,,,,,
23,917,Port Street East,1340,1431,All,,,,,,,ChipSeal_P,pdi =0.91; sdi =2.35; age =20,mesh_cracks =0.1; shove =0.07; poth =0.07,,,,,,,,,,,,,,,,,,,,,,,,,,,,,,,,,,,,,,,,,,,,,,,,,ChipSeal_P,pdi =11.3; sdi =13.17; age =16,mesh_cracks =1.1; shove =0; poth =1,,,
24,917,Port Street East,1431,2115,All,,,,,,,,,,,,,,,,,,,ChipSeal_P,pdi =6.3; sdi =7.57; age =21,mesh_cracks =0.6; shove =1.32; poth =0.42,,,,,,,,,,,,,,,,,,,,,,,,,,,,,,,,,,,,,,,,,,
25,917,Port Street East,2120,2350,All,,,,,,,,,,,,,,,,ChipSeal_P,pdi =5.12; sdi =5.99; age =20,mesh_cracks =0.46; shove =1.23; poth =0.33,,,,,,,,,,,,,,,,,,,,,,,,,,,,,,,,,,,,,,,,,,,,,
26,13,Puriri Dale Way,0,293,All,,,,,,,,,,,,,,,,,,,,,,ChipSeal_P,pdi =8.47; sdi =9.34; age =24,mesh_cracks =1.47; shove =0.57; poth =0.55,,,,,,,,,,,,,,,,,,,,,,,,,,,,,,,,,,,,,,,
27,15,Fendall Close,0,438,All,,,,,,,,,,,,,,,,ChipSeal_P,pdi =6.05; sdi =7.06; age =15,mesh_cracks =1.82; shove =0.34; poth =0.35,,,,,,,,,,,,,,,,,,,,,,,,,ChipSeal_P,pdi =11.37; sdi =12.4; age =8,mesh_cracks =1.14; shove =0; poth =1,,,,,,,,,,,,,,,,,,
28,15,Fendall Close,438,585,All,,,,,,,,,,,,,ChipSeal_P,pdi =3.29; sdi =3.43; age =10,mesh_cracks =1.19; shove =1; poth =0.1,,,,,,,,,,,,,,,,,,,,,,,,,,,,ChipSeal_P,pdi =11.2; sdi =11.99; age =9,mesh_cracks =1; shove =0; poth =1,,,,,,,,,,,,,,,,,,
29,15,Fendall Close,585,643,All,,,,,,,,,,,,,,,,,,,,,,,,,,,,,,,,,,,,,ChipSeal_P,pdi =4.95; sdi =5.69; age =18,mesh_cracks =1.43; shove =1.07; poth =0.17,,,,,,,,,,,,,,,,,,,,,,,,
30,15,Fendall Close,643,736,All,,,,,,,,,,,,,ChipSeal_P,pdi =7.34; sdi =5.81; age =10,mesh_cracks =3.76; shove =1.08; poth =0.18,,,,,,,,,,,,,,,,,,,,,,,,,ChipSeal_P,pdi =11.62; sdi =12.9; age =8,mesh_cracks =1.36; shove =0; poth =1,,,,,,,,,,,,,,,,,,,,,
31,15,Fendall Close,736,814,All,,,,,,,,,,,,,ChipSeal_P,pdi =4.62; sdi =3.25; age =25,mesh_cracks =0.68; shove =1.38; poth =0.24,,,,,,,,,,,,,,,,,,,,,,,,,ChipSeal_P,pdi =11.63; sdi =12.92; age =8,mesh_cracks =1.37; shove =0; poth =1,,,,,,,,,,,,,,,,,,,,,
32,9339,Weston Way,814,886,All,,,,,,,,,,,,,,,,,,,,,,,,,,,,,,,,,,,,,,,,,,,,,,,,,,,,,,,ThinAC_P,pdi =109.96; sdi =38.9; age =39,mesh_cracks =76.01; shove =3.41; poth =2.93,,,,,,
33,9339,Weston Way,886,939,All,,,,,,,,,,,,,,,,,,,,,,,,,,,,,,,,,,,,,,,,,,,,,,,,,ThinAC_P,pdi =64.76; sdi =60.9; age =26,mesh_cracks =28.26; shove =3.17; poth =1.86,,,,,,,,,,,,
34,9339,Weston Way,965,1051,All,,,,,,,,,,,,,,,,,,,,,,ChipSeal_P,pdi =7.01; sdi =7.47; age =17,mesh_cracks =2.41; shove =1.09; poth =0.18,,,,,,,,,,,,,,,,,,,,,,ChipSeal_P,pdi =7.08; sdi =12.64; age =7,mesh_cracks =2.03; shove =0; poth =0,,,,,,,,,,,,,,,
35,9339,Weston Way,1051,1219,All,,,,,,,ChipSeal_P,pdi =1.13; sdi =1.12; age =17,mesh_cracks =0.22; shove =0.08; poth =0.08,,,,,,,,,,,,,,,,,,,,,,,,,ChipSeal_P,pdi =11.87; sdi =13.13; age =8,mesh_cracks =1.6; shove =0; poth =1,,,,,,,,,,,,,,,,,,,,,,,,,ChipSeal_P,pdi =13.09; sdi =13.58; age =8,mesh_cracks =1.77; shove =1; poth =1
36,9339,Weston Way,1237,1589,All,,,,,,,ChipSeal_P,pdi =4.44; sdi =1.54; age =17,mesh_cracks =0.53; shove =2.66; poth =0.12,,,,,,,,,,,,,,,,,,,,,,,,,ChipSeal_P,pdi =12.98; sdi =13.36; age =8,mesh_cracks =1.67; shove =1; poth =1,,,,,,,,,,,,,,,,,,,,,,,,,,,
37,9339,Weston Way,1589,1999,All,,,,,,,,,,ChipSeal_P,pdi =6.17; sdi =3.16; age =18,mesh_cracks =0.82; shove =2.83; poth =0.23,,,,,,,,,,,,,,,,,,,,,,,,,ChipSeal_P,pdi =13; sdi =13.41; age =8,mesh_cracks =1.69; shove =1; poth =1,,,,,,,,,,,,,,,,,,,,,,,,
38,9339,Weston Way,1999,2369,All,,,,,,,ChipSeal_P,pdi =5.14; sdi =1.44; age =17,mesh_cracks =1.3; shove =2.65; poth =0.11,,,,,,,,,,,,,,,,,,,,,,,,,ChipSeal_P,pdi =11.37; sdi =12.38; age =8,mesh_cracks =1.14; shove =0; poth =1,,,,,,,,,,,,,,,,,,,,,,,,,ChipSeal_P,pdi =11.59; sdi =12.82; age =8,mesh_cracks =1.33; shove =0; poth =1
39,9339,Weston Way,2385,2696,All,,,,,,,,,,ChipSeal_P,pdi =3.64; sdi =3.75; age =18,mesh_cracks =1.59; shove =0.16; poth =0.15,,,,,,,,,,,,,,,,,,,,,,,,,,,,,,,,,,ChipSeal_P,pdi =11.57; sdi =13.25; age =11,mesh_cracks =1.31; shove =0; poth =1,,,,,,,,,,,,,,,
40,9339,Weston Way,2696,3114,All,,,,ChipSeal_P,pdi =0.54; sdi =0.45; age =16,mesh_cracks =0.4; shove =0; poth =0,,,,,,,,,,,,,,,,,,,,,,,,,ChipSeal_P,pdi =11.37; sdi =12.39; age =8,mesh_cracks =1.14; shove =0; poth =1,,,,,,,,,,,,,,,,,,,,,,,,,ChipSeal_P,pdi =11.57; sdi =12.77; age =8,mesh_cracks =1.31; shove =0; poth =1,,,
41,9339,Weston Way,3114,3398,All,,,,,,,,,,,,,,,,ChipSeal_P,pdi =5.93; sdi =5.25; age =20,mesh_cracks =1.76; shove =0.34; poth =0.34,,,,,,,,,,,,,,,,,,,,,,,,,,,,,,,,,,ChipSeal_P,pdi =11.51; sdi =12.98; age =11,mesh_cracks =1.25; shove =0; poth =1,,,,,,,,,
42,9339,Weston Way,3398,3457,All,,,,,,,,,,,,,,,,ChipSeal_P,pdi =5.09; sdi =5.32; age =23,mesh_cracks =0.48; shove =1.13; poth =0.33,,,,,,,,,,,,,,,,,,,,,,,,,,,,,,,,,,,,,,,,,,,ChipSeal_P,pdi =13.42; sdi =13.3; age =14,mesh_cracks =1.54; shove =1; poth =1
43,9339,Weston Way,3457,3675,All,,,,,,,,,,,,,,,,,,,,,,,,,,,,,,,,,,,,,,,,,,,,,,,,,,,,,,,,,,,,,,,
44,9167,Foxglove Drive,0,668,All,,,,,,,,,,,,,,,,,,,,,,,,,,,,ChipSeal_P,pdi =8.3; sdi =5.57; age =21,mesh_cracks =4.37; shove =1.15; poth =0.25,,,,,,,,,,,,,,,,,,,,,,,,,,,,,,,,,
45,16,Sarah Lane,0,515,All,,,,,,,,,,,,,,,,,,,,,,ChipSeal_P,pdi =7.74; sdi =9.9; age =22,mesh_cracks =1.13; shove =0.55; poth =0.55,,,,,,,,,,,,,,,,,,,,,,,,,,,,,,,,,,,,,,,
46,17,Ash Drive,0,318,All,,,,,,,,,,,,,,,,,,,,,,ChipSeal_P,pdi =5.15; sdi =5.46; age =11,mesh_cracks =1.8; shove =1; poth =0.1,,,,,,,,,,,,,,,,,,,,,,,,,,,,,,,,,,ChipSeal_P,pdi =11.9; sdi =13.96; age =11,mesh_cracks =1.59; shove =0; poth =1,,,
47,18,Monaghan Way,0,80,All,,,,,,,,,,,,,,,,,,,,,,,,,,,,,,,,,,ChipSeal_P,pdi =5.33; sdi =5.91; age =16,mesh_cracks =1.29; shove =1.07; poth =0.25,,,,,,,,,,,,,,,,,,,,,,,,,,,
48,1035,Cousins Avenue East,0,61,All,,,,,,,,,,,,,,,,,,,,,,,,,,,,,,,,,,,,,,,,,,,,,,,,,,,,,,,,,,,,,,,
49,19,Elm Close,0,82,All,,,,,,,,,,,,,,,,,,,,,,ChipSeal_P,pdi =5.07; sdi =5.78; age =12,mesh_cracks =1.77; shove =1.07; poth =0.17,,,,,,,,,,,,,,,,,,,,,,,,,,,,,,,,,,,,,,,
50,19,Elm Close,82,101,All,,,,,,,,,,,,,,,,,,,,,,,,,,,,,,,Preseal_AC,pdi =10.11; sdi =11.6; age =15,mesh_cracks =1.83; shove =1.46; poth =0.57,,,,,,,,,,,,,ThinAC_H,pdi =12.46; sdi =12.8; age =4,mesh_cracks =1.14; shove =1; poth =1,,,,,,,,,,,,,,,
51,20,Burkes Creek Road,0,21,All,,,,,,,,,,,,,,,,ChipSeal_P,pdi =5.69; sdi =5.72; age =14,mesh_cracks =0.7; shove =1.25; poth =0.34,,,,,,,,,,,,,,,,,,,,,,,,,,,,ChipSeal_P,pdi =12.53; sdi =13.73; age =9,mesh_cracks =1.27; shove =1; poth =1,,,,,,,,,,,,,,,
52,20,Burkes Creek Road,21,520,All,,,,,,,,,,,,,ChipSeal_P,pdi =4.4; sdi =4.4; age =13,mesh_cracks =0.49; shove =1.16; poth =0.26,,,,,,,,,,,,,,,,,,,,,,,,,,,,ChipSeal_P,pdi =12.53; sdi =13.73; age =9,mesh_cracks =1.27; shove =1; poth =1,,,,,,,,,,,,,,,,,,
53,20,Burkes Creek Road,549,697,All,,,,,,,,,,ChipSeal_P,pdi =3.41; sdi =3.42; age =14,mesh_cracks =1.35; shove =0.15; poth =0.18,,,,,,,,,,,,,,,,,,,,,,,,,,,,ChipSeal_P,pdi =12.49; sdi =12.62; age =9,mesh_cracks =1.24; shove =1; poth =1,,,,,,,,,,,,,,,,,,,,,
54,20,Burkes Creek Road,697,765,All,,,,,,,,,,,,,,,,,,,,,,,,,,,,,,,,,,,,,,,,,,,,,,,,,ThinAC_P,pdi =29.21; sdi =35.42; age =25,mesh_cracks =7.54; shove =2.12; poth =1.2,,,,,,,,,,,,
55,20,Burkes Creek Road,765,1789,All,,,,,,,,,,ChipSeal_P,pdi =2.44; sdi =3.53; age =14,mesh_cracks =0.29; shove =0.15; poth =0.19,,,,,,,,,,,,,,,,,,,,,,,,,,,,ChipSeal_P,pdi =12.5; sdi =12.64; age =9,mesh_cracks =1.25; shove =1; poth =1,,,,,,,,,,,,,,,,,,,,,
56,21,Tapeka Heights Lane,0,277,All,,,,,,,,,,,,,,,,,,,,,,ChipSeal_P,pdi =9.34; sdi =9.96; age =23,mesh_cracks =1.91; shove =0.58; poth =0.56,,,,,,,,,,,,,,,,,,,,,,,,,,,,,,,,,,,,,,,
57,22,Sir John McKenzie Drive,0,530,All,,,,,,,,,,,,,,,,,,,,,,,,,ChipSeal_P,pdi =9.07; sdi =10.26; age =15,mesh_cracks =1.23; shove =1.47; poth =0.57,,,,,,,,,,,,,,,,,,,,,,,,,,,,,,,,,,,,
58,23,Apple Orchard Lane,0,185,All,,,,,,,,,,,,,,,,,,,,,,,,,ChipSeal_P,pdi =8.97; sdi =9.44; age =44,mesh_cracks =1.14; shove =0.65; poth =0.66,,,,,,,,,,,,,,,,,,,,,,,,,,,,,,,,,,,,
59,974,Railway Terrace East,0,730,All,,,,,,,,,,,,,,,,,,,,,,,,,ChipSeal_P,pdi =5.8; sdi =5.37; age =17,mesh_cracks =1.9; shove =1.15; poth =0.25,,,,,,,,,,,,,,,,,,,,,,,,,,,,,,,,,,,,
60,24,George Noble Road,0,272,All,,,,,,,,,,,,,,,,ChipSeal_P,pdi =4.79; sdi =6.85; age =13,mesh_cracks =0.74; shove =1.16; poth =0.26,,,,,,,,,,,,,,,,,,,,,,,,,,,,,,,,,,,,,,,,,,,,,
61,24,George Noble Road,272,286,All,,,,,,,,,,,,,,,,,,,,,,,,,,,,,,,,,,,,,,,,,,,,,,,,,,,,,,,,,,,,,,,
62,25,Founders Lane,0,597,All,,,,,,,,,,,,,,,,,,,,,,,,,,,,,,,,,,,,,,,,ChipSeal_P,pdi =4.2; sdi =5.43; age =14,mesh_cracks =2.03; shove =0; poth =0,,,,,,,,,,,,,,,,,,,,,
63,26,Stud Road,0,205,All,,,,,,,,,,,,,,,,,,,,,,ChipSeal_P,pdi =5.76; sdi =6.9; age =15,mesh_cracks =1.27; shove =1.16; poth =0.26,,,,,,,,,,,,,,,,,,,,,,,,,,,,,,,,,,ChipSeal_P,pdi =11.55; sdi =13.18; age =11,mesh_cracks =1.29; shove =0; poth =1,,,
64,27,Gallop Lane,0,116,All,,,,,,,,,,,,,,,,ChipSeal_P,pdi =4.36; sdi =5.31; age =12,mesh_cracks =0.55; shove =1.08; poth =0.25,,,,,,,,,,,,,,,,,,,,,,,,,,,,,,,,,,,,,,,,,,,,,
65,27,Gallop Lane,116,136,All,,,,,,,,,,,,,,,,,,,,,,,,,,,,,,,,,,,,,,,,,,,,,,,,,,,,,,,,,,,,,,,
66,7056,Dawick Street,0,78,All,,,,,,,,,,,,,,,,,,,,,,,,,ChipSeal_P,pdi =8.3; sdi =9.49; age =15,mesh_cracks =1.09; shove =1.35; poth =0.53,,,,,,,,,,,,,,,,,,,,,,,,,,,,,,,,,,,,
67,7056,Dawick Street,78,88,All,,,,,,,,,,,,,,,,,,,,,,,,,,,,,,,,,,,,,,,,,,,,,,,,,,,,,,,,,,,,,,,
68,28,Stirrup Lane,0,261,All,,,,,,,,,,,,,,,,,,,,,,,,,ChipSeal_P,pdi =10.83; sdi =11.4; age =15,mesh_cracks =2.73; shove =1.46; poth =0.54,,,,,,,,,,,,,,,,,,,,,,,,,,,,,,,,,,,,
69,29,Riroriro Road,0,122,All,,,,,,,,,,,,,,,,,,,,,,,,,ChipSeal_P,pdi =9.43; sdi =10.36; age =15,mesh_cracks =2.13; shove =1.36; poth =0.53,,,,,,,,,,,,,,,,,,,,,,,,,,,,,,,,,,,,
70,29,Riroriro Road,122,139,All,,,,,,,,,,,,,,,,,,,,,,,,,,,,,,,,,,,,,,,,Preseal_AC,pdi =10.53; sdi =13.38; age =24,mesh_cracks =1.72; shove =1.43; poth =0.53,,,,,,,ThinAC_H,pdi =0.48; sdi =1.2; age =2,mesh_cracks =0; shove =0; poth =0,,,,,,,,,,,,
71,30,Curly McLeod Way,0,69,All,,,,,,,,,,,,,,,,,,,,,,ChipSeal_P,pdi =9.78; sdi =12.22; age =23,mesh_cracks =0.83; shove =0.53; poth =0.79,,,,,,,,,,,,,,,,,,,,,,,,,,,,,,,,,,,,,,,
72,30,Curly McLeod Way,69,82,All,,,,,,,,,,,,,,,,Preseal_AC,pdi =13.68; sdi =5.25; age =43,mesh_cracks =9.52; shove =0.33; poth =0.33,,,,,,,,,,,,,,,,,,,,,,,,,,,,,,,,,,,,,ThinAC_H,pdi =88.27; sdi =25.14; age =12,mesh_cracks =67.11; shove =1.78; poth =1.79,,,,,,
73,32,Karearea Lane,0,56,All,,,,,,,,,,,,,,,,,,,,,,,,,,,,,,,,,,,,,,,,,,,,,,,,,,,,,,,,,,,,,,,
74,32,Karearea Lane,84,154,All,,,,ChipSeal_P,committed,committed import,,,,,,,,,,,,,,,,,,,,,,,,,,,,,,,,,,,,,,,,,,,,,,,,,,,,,,,ChipSeal_P,pdi =14.05; sdi =14.53; age =18,mesh_cracks =1.71; shove =1; poth =1
75,32,Karearea Lane,154,820,All,,,,ChipSeal_P,committed,committed import,,,,,,,,,,,,,,,,,,,,,,,,,,,,,,,,,,,,,,,,,,,,,,ChipSeal_P,pdi =11.53; sdi =13.89; age =15,mesh_cracks =1.25; shove =0; poth =1,,,,,,,,,
76,32,Karearea Lane,820,1262,All,,,,,,,,,,,,,,,,,,,,,,,,,ChipSeal_P,pdi =6.54; sdi =6.76; age =14,mesh_cracks =1.54; shove =1.23; poth =0.35,,,,,,,,,,,,,,,,,,,,,,,,,,,,,,,,,,,,
77,33,Okoare Lane,0,58,All,,,,,,,,,,,,,,,,,,,,,,,,,,,,,,,ChipSeal_P,pdi =5.82; sdi =6.6; age =15,mesh_cracks =1.94; shove =1.07; poth =0.17,,,,,,,,,,,,,,,,,,,,,,,,,,,,,,
78,35,Leicester Place,0,660,All,,,,,,,,,,,,,,,,,,,,,,,,,,,,,,,ChipSeal_P,pdi =4.03; sdi =5.04; age =11,mesh_cracks =2.01; shove =0; poth =0,,,,,,,,,,,,,,,,,,,,,,,,,,,,,,
79,36,Paneika Lane,0,370,All,,,,,,,,,,,,,,,,,,,,,,,,,,,,,,,,,,,,,,,,,,,,,,,,,Preseal_AC,pdi =10.94; sdi =17.19; age =20,mesh_cracks =2.77; shove =1.08; poth =0.17,,,,,,,,,,,,
80,36,Paneika Lane,370,391,All,,,,,,,,,,,,,,,,,,,,,,ChipSeal_P,pdi =7.89; sdi =8.27; age =26,mesh_cracks =1.2; shove =0.55; poth =0.55,,,,,,,,,,,,,,,,,,,,,,,,,,,,,,,,,,,,,,,
81,36,Paneika Lane,391,520,All,,,,,,,,,,,,,,,,,,,,,,,,,,,,,,,,,,,,,,,,Preseal_AC,pdi =10.33; sdi =13.49; age =15,mesh_cracks =3.18; shove =1.16; poth =0.26,,,,,,,ThinAC_H,pdi =1.79; sdi =1.98; age =2,mesh_cracks =1; shove =0; poth =0,,,,,,,,,,,,
82,37,Freemason Avenue,0,149,All,,,,,,,,,,,,,,,,,,,,,,ChipSeal_P,pdi =7.43; sdi =8.63; age =22,mesh_cracks =0.99; shove =0.54; poth =0.54,,,,,,,,,,,,,,,,,,,,,,,,,,,,,,,,,,,,,,,
83,37,Freemason Avenue,149,172,All,,,,,,,,,,,,,,,,,,,,,,,,,,,,,,,,,,,,,,,,,,,,,,,,,ThinAC_P,pdi =6.02; sdi =6.88; age =21,mesh_cracks =1.53; shove =1.14; poth =0.25,,,,,,,,,,,,
84,37,Freemason Avenue,172,362,All,,,,,,,,,,,,,,,,ChipSeal_P,pdi =5.18; sdi =7.75; age =20,mesh_cracks =0.96; shove =0.35; poth =0.34,,,,,,,,,,,,,,,,,,,,,,,,,,,,,,,,,,,,,,,,,,,,,
85,38,Tyler Place,0,279,All,,,,,,,,,,,,,,,,,,,,,,ChipSeal_P,pdi =10.51; sdi =10.95; age =23,mesh_cracks =1.41; shove =0.57; poth =0.77,,,,,,,,,,,,,,,,,,,,,,,,,,,,,,,,,,,,,,,
86,38,Tyler Place,279,322,All,,,,,,,,,,,,,,,,,,,,,,,,,,,,,,,,,,,,,,,,,,,,,,,,,,,,,,,,,,,,,,,
87,38,Tyler Place,322,334,All,,,,,,,,,,,,,,,,,,,ChipSeal_P,pdi =4.86; sdi =6.05; age =12,mesh_cracks =1.19; shove =1; poth =0.18,,,,,,,,,,,,,,,,,,,,,,,,,,,,,,,,,,,,,,,,,,
88,38,Tyler Place,334,389,All,,,,,,,,,,ChipSeal_P,pdi =2.18; sdi =2.2; age =34,mesh_cracks =0.34; shove =0.16; poth =0.15,,,,,,,,,,,,,,,,,,,,,,,,,,,,,,,,,,,,,,,,,,,ChipSeal_P,pdi =11.76; sdi =14.26; age =14,mesh_cracks =1.47; shove =0; poth =1,,,,,,
89,39,Ashlar Court,0,251,All,,,,,,,,,,,,,,,,,,,,,,ChipSeal_P,pdi =7.55; sdi =7.92; age =29,mesh_cracks =1.04; shove =0.54; poth =0.54,,,,,,,,,,,,,,,,,,,,,,,,,,,,,,,,,,,,,,,
90,40,Bravery Road,0,278,All,,,,,,,,,,,,,,,,,,,,,,,,,,,,,,,,,,,,,,,,,,,,,,,,,,,,,,,,,,,,,,,
91,41,Huamanu Street,0,116,All,,,,,,,,,,,,,,,,,,,,,,,,,,,,,,,,,,,,,,,,,,,,,,,,,,,,,,,,,,,,,,,
92,41,Huamanu Street,116,134,All,,,,,,,,,,,,,,,,,,,,,,,,,,,,,,,,,,,,,,,,,,,,,,,,,,,,,,,Preseal_AC,pdi =14.88; sdi =19.9; age =26,mesh_cracks =2.08; shove =1.65; poth =0.75,,,,,,
93,1092,Bronte Road East,0,156,All,,,,,,,,,,,,,,,,,,,ChipSeal_P,pdi =5.47; sdi =5.63; age =25,mesh_cracks =0.58; shove =0.42; poth =0.43,,,,,,,,,,,,,,,,,,,,,,,,,,,,,,,,,,,,,,,,,,
94,1092,Bronte Road East,156,183,All,,,,,,,,,,,,,,,,,,,,,,,,,,,,,,,,,,Preseal_AC,pdi =13.6; sdi =14.29; age =32,mesh_cracks =1.51; shove =1; poth =1.03,,,,,,,,,,,,,,,,ThinAC_H,pdi =13.36; sdi =13.72; age =5,mesh_cracks =1.22; shove =1.07; poth =1.07,,,,,,,,,
95,42,Te Manaki Street,0,377,All,,,,,,,,,,,,,,,,,,,,,,,,,ChipSeal_P,pdi =9.18; sdi =9.86; age =25,mesh_cracks =1.24; shove =0.66; poth =0.66,,,,,,,,,,,,,,,,,,,,,,,,,,,,,,,,,,,,
96,44,Dickins Lane,0,474,All,,,,,,,,,,,,,,,,,,,,,,,,,,,,,,,ChipSeal_P,pdi =5.25; sdi =6.02; age =11,mesh_cracks =1.59; shove =1.08; poth =0.18,,,,,,,,,,,,,,,,,,,,,,,,,,,,,,
97,44,Dickins Lane,474,1091,All,,,,,,,,,,,,,,,,,,,,,,,,,,,,,,,,,,,,,,,,,,,ChipSeal_P,pdi =3.51; sdi =5.15; age =15,mesh_cracks =1.85; shove =0; poth =0,,,,,,,,,,,,,,,,,,
98,43,Infantry Lane,0,95,All,,,,,,,,,,,,,,,,,,,,,,ChipSeal_P,pdi =6.98; sdi =7.21; age =25,mesh_cracks =0.79; shove =0.52; poth =0.53,,,,,,,,,,,,,,,,,,,,,,,,,,,,,,,,,,,,,,,
99,45,Chatfield Lane,0,83,All,,,,,,,,,,,,,,,,,,,,,,,,,,,,,,,ChipSeal_P,pdi =6.05; sdi =6.53; age =20,mesh_cracks =2.21; shove =1.08; poth =0.18,,,,,,,,,,,,,,,,,,,,,,,,,,,,,,
100,20,Burkes Creek Road,765,1789,All,,,,,,,,,,,,,ChipSeal_P,pdi =3.29; sdi =3.35; age =15,mesh_cracks =0.46; shove =0.24; poth =0.24,,,,,,,,,,,,,,,,,,,,,,,,,,,,ChipSeal_P,pdi =12.5; sdi =12.66; age =9,mesh_cracks =1.25; shove =1; poth =1,,,,,,,,,,,,,,,,,,
101,38,Tyler Place,279,322,All,,,,,,,,,,,,,,,,,,,,,,,,,,,,,,,,,,,,,,,,,,,,,,,,,,,,,,,,,,,,,,,
102,1037,Epiha Road Upper,0,415,All,,,,,,,,,,ChipSeal_P,pdi =8.58; sdi =8.56; age =12,mesh_cracks =0.29; shove =1.07; poth =0.71,,,,,,,,,,,,,,,,,,,,,,,,,,,,ChipSeal_P,pdi =12.5; sdi =12.65; age =9,mesh_cracks =1.25; shove =1; poth =1,,,,,,,,,,,,,,,,,,,,,
103,37,Freemason Avenue,172,362,All,,,,,,,,,,,,,,,,,,,,,,,,,,,,,,,,,,,,,ChipSeal_P,pdi =47.52; sdi =58.44; age =27,mesh_cracks =16.83; shove =1.3; poth =1.23,,,,,,,,,,,,,,,,,,,,,,,,
104,43,Infantry Lane,0,95,All,,,,,,,,,,,,,,,,,,,,,,,,,,,,,,,ChipSeal_P,pdi =21.82; sdi =101.99; age =28,mesh_cracks =1.66; shove =0.88; poth =0.9,,,,,,,,,,,,,,,,,,,,,,,,,,,,,,
105,8,Tarras Road,86,120,All,,,,,,,,,,,,,,,,,,,,,,,,,,,,,,,,,,,,,,,,,,,,,,,,,,,,,,,,,,,,,,,
106,23,Apple Orchard Lane,0,185,All,,,,,,,,,,,,,,,,,,,,,,,,,,,,,,,,,,,,,ChipSeal_P,pdi =35.6; sdi =54.23; age =48,mesh_cracks =6.55; shove =1.18; poth =1.19,,,,,,,,,,,,,,,,,,,,,,,,
107,9339,Weston Way,814,886,All,,,,,,,,,,,,,,,,,,,,,,,,,,,,,,,,,,,,,,,,,,,,,,,,,,,,,,,ThinAC_P,pdi =184.49; sdi =87.75; age =39,mesh_cracks =96.6; shove =36.4; poth =3.16,,,,,,
108,8,Tarras Road,86,120,All,,,,,,,,,,,,,,,,,,,,,,,,,,,,,,,,,,,,,,,,,,,Preseal_AC,pdi =12.7; sdi =15.39; age =25,mesh_cracks =2.42; shove =1.53; poth =0.64,,,,ThinAC_H,pdi =0.2; sdi =0.5; age =1,mesh_cracks =0; shove =0; poth =0,,,,,,,,,,,,
109,38,Tyler Place,334,389,All,,,,,,,,,,,,,,,,,,,,,,,,,,,,ChipSeal_P,pdi =29.93; sdi =78.2; age =40,mesh_cracks =6.19; shove =0.82; poth =0.8,,,,,,,,,,,,,,,,,,,,,,,,,,,,,,,,,
110,38,Tyler Place,322,334,All,,,,,,,,,,,,,,,,,,,ChipSeal_P,pdi =4.83; sdi =7.15; age =12,mesh_cracks =1.2; shove =1; poth =0.1,,,,,,,,,,,,,,,,,,,,,,,,,,,,,,,,,,,,,,,,,,
111,32,Karearea Lane,154,820,All,,,,,,,,,,,,,,,,,,,ChipSeal_P,pdi =6.02; sdi =6.21; age =21,mesh_cracks =0.85; shove =0.44; poth =0.44,,,,,,,,,,,,,,,,,,,,,,,,,,,,,,,,,,,,,,,,,,
112,12,Kriletich Drive,0,263,All,,,,,,,,,,,,,,,,,,,ChipSeal_P,pdi =6.46; sdi =6.7; age =40,mesh_cracks =1.05; shove =0.45; poth =0.44,,,,,,,,,,,,,,,,,,,,,,,,,,,,,,,,,,,,,,,,,,
113,917,Port Street East,2120,2350,All,,,,,,,,,,,,,,,,,,,,,,,,,,,,ChipSeal_P,pdi =24.35; sdi =83.41; age =24,mesh_cracks =1.3; shove =7.53; poth =0.75,,,,,,,,,,,,,,,,,,,,,,,,,,,,,,,,,
114,9339,Weston Way,3398,3457,All,,,,,,,,,,,,,ChipSeal_P,pdi =3.06; sdi =4.07; age =22,mesh_cracks =0.34; shove =0.23; poth =0.24,,,,,,,,,,,,,,,,,,,,,,,,,,,,,,,,,,,,,,,,,,,ChipSeal_P,pdi =13.39; sdi =13.23; age =14,mesh_cracks =1.53; shove =1; poth =1,,,
115,9339,Weston Way,1051,1219,All,,,,ChipSeal_P,pdi =4.6; sdi =36.09; age =16,mesh_cracks =0; shove =0; poth =0.22,,,,,,,,,,,,,,,,,,,ChipSeal_P,pdi =15.41; sdi =37.18; age =6,mesh_cracks =1.16; shove =0; poth =0,,,,,,,,,,,,,,,,,,,ChipSeal_P,pdi =18.32; sdi =44.43; age =6,mesh_cracks =1.2; shove =0; poth =0,,,,,,,,,,,,,,,
116,19,Elm Close,0,82,All,,,,,,,,,,,,,,,,,,,ChipSeal_P,pdi =3.95; sdi =5.47; age =11,mesh_cracks =1.59; shove =1; poth =0.1,,,,,,,,,,,,,,,,,,,,,,,,,,,,,,,,,,,,,,,,,,
117,15,Fendall Close,0,438,All,,,,ChipSeal_P,pdi =0; sdi =26.54; age =11,mesh_cracks =0; shove =0; poth =0,,,,,,,,,,,,,,,,,,,,,,,,,ChipSeal_P,pdi =11.36; sdi =12.35; age =8,mesh_cracks =1.13; shove =0; poth =1,,,,,,,,,,,,,,,,,,,,,,,,,ChipSeal_P,pdi =11.55; sdi =12.53; age =8,mesh_cracks =1.3; shove =0; poth =1,,,
118,30,Curly McLeod Way,69,82,All,,,,,,,,,,,,,,,,,,,,,,,,,Preseal_AC,pdi =18.26; sdi =32.37; age =46,mesh_cracks =1.29; shove =0.64; poth =0.65,,,,,,,,,,,,,,,,,,,,,,,,,ThinAC_H,pdi =36.3; sdi =65.72; age =8,mesh_cracks =1.72; shove =1.33; poth =1.34,,,,,,,,,
119,6,Croatia Avenue,0,42,All,,,,,,,,,,,,,,,,,,,,,,,,,,,,ChipSeal_P,pdi =82.74; sdi =12.14; age =17,mesh_cracks =72.99; shove =1.59; poth =0.75,,,,,,,,,,,,,,,,,,,,,,,,,,,,,,,,,
120,16,Sarah Lane,0,515,All,,,,,,,,,,,,,,,,,,,ChipSeal_P,pdi =6.1; sdi =7.21; age =21,mesh_cracks =0.89; shove =0.44; poth =0.44,,,,,,,,,,,,,,,,,,,,,,,,,,,,,,,,,,,,,,,,,,
121,30,Curly McLeod Way,69,82,All,,,,,,,,,,,,,,,,,,,,,,,,,,,,,,,,,,,,,,,,,,,,,,,,,,,,,,,,,,,,,,,
122,32,Karearea Lane,820,1262,All,,,,,,,,,,,,,,,,,,,,,,,,,ChipSeal_P,pdi =6.54; sdi =6.76; age =14,mesh_cracks =1.54; shove =1.23; poth =0.35,,,,,,,,,,,,,,,,,,,,,,,,,,,,,,,,,,,,
123,20,Burkes Creek Road,765,1789,All,,,,ChipSeal_P,pdi =0; sdi =25.91; age =12,mesh_cracks =0; shove =0; poth =0,,,,,,,,,,,,,,,,,,,,,,,,,,,,ChipSeal_P,pdi =12.49; sdi =12.61; age =9,mesh_cracks =1.24; shove =1; poth =1,,,,,,,,,,,,,,,,,,,,,,,,,ChipSeal_P,pdi =11.36; sdi =12.36; age =8,mesh_cracks =1.14; shove =0; poth =1
124,32,Karearea Lane,154,820,All,,,,,,,,,,,,,,,,,,,,,,ChipSeal_P,pdi =15.37; sdi =15.69; age =22,mesh_cracks =1.08; shove =0.55; poth =1.32,,,,,,,,,,,,,,,,,,,,,,,,,,,,,,,ChipSeal_P,pdi =10; sdi =11.41; age =10,mesh_cracks =0; shove =0; poth =1,,,,,,
125,9339,Weston Way,1237,1589,All,,,,,,,,,,ChipSeal_P,pdi =2.5; sdi =4.63; age =18,mesh_cracks =0.53; shove =0.17; poth =0.16,,,,,,,,,,,,,,,,,,,,,,,,,ChipSeal_P,pdi =13; sdi =13.41; age =8,mesh_cracks =1.69; shove =1; poth =1,,,,,,,,,,,,,,,,,,,,,,,,
126,20,Burkes Creek Road,765,1789,All,,,,ChipSeal_P,pdi =6.11; sdi =11.7; age =12,mesh_cracks =6.11; shove =0; poth =0,,,,,,,,,,,,,,,,,,,,,,,,,,,,ChipSeal_P,pdi =12.49; sdi =12.61; age =9,mesh_cracks =1.24; shove =1; poth =1,,,,,,,,,,,,,,,,,,,,,,,,,ChipSeal_P,pdi =11.36; sdi =12.36; age =8,mesh_cracks =1.14; shove =0; poth =1
127,29,Riroriro Road,122,139,All,,,,,,,,,,,,,,,,,,,,,,,,,,,,,,,,,,,,,,,,,,,,,,Preseal_AC,pdi =14.61; sdi =19.13; age =26,mesh_cracks =2.12; shove =1.65; poth =0.75,ThinAC_H,pdi =0; sdi =0; age =0,mesh_cracks =0; shove =0; poth =0,,,,,,,,,,,,
128,9339,Weston Way,1589,1999,All,,,,,,,ChipSeal_P,pdi =1.16; sdi =1.14; age =17,mesh_cracks =0.23; shove =0.08; poth =0.08,,,,,,,,,,,,,,,,,,,,,,,,,ChipSeal_P,pdi =12.98; sdi =13.36; age =8,mesh_cracks =1.67; shove =1; poth =1,,,,,,,,,,,,,,,,,,,,,,,,,ChipSeal_P,pdi =13.21; sdi =13.82; age =8,mesh_cracks =1.87; shove =1; poth =1
129,20,Burkes Creek Road,549,697,All,,,,,,,,,,,,,ChipSeal_P,pdi =3.27; sdi =3.34; age =15,mesh_cracks =0.46; shove =0.24; poth =0.24,,,,,,,,,,,,,,,,,,,,,,,,,,,,ChipSeal_P,pdi =12.5; sdi =12.64; age =9,mesh_cracks =1.25; shove =1; poth =1,,,,,,,,,,,,,,,,,,
130,1092,Bronte Road East,156,183,All,,,,,,,,,,,,,,,,,,,,,,,,,,,,,,,,,,,,,,,,,,,,,,,,,,,,,,,,,,,,,,,
131,917,Port Street East,2120,2350,All,,,,,,,,,,,,,,,,ChipSeal_P,pdi =5.12; sdi =5.99; age =20,mesh_cracks =0.46; shove =1.23; poth =0.33,,,,,,,,,,,,,,,,,,,,,,,,,,,,,,,,,,,,,,,,,,,,,
132,1,Conifer Close,0,378,All,,,,,,,ChipSeal_P,pdi =16.19; sdi =9.22; age =11,mesh_cracks =2.57; shove =4.56; poth =0.9,,,,,,,,,,,,,,,,,,,,,,,,,,,,,,,,,,,,,,,,,,,ChipSeal_P,pdi =11.53; sdi =13.68; age =14,mesh_cracks =1.27; shove =0; poth =1,,,,,,,,,
133,20,Burkes Creek Road,549,697,All,,,,ChipSeal_P,pdi =0; sdi =7.92; age =12,mesh_cracks =0; shove =0; poth =0,,,,,,,,,,,,,,,,,,,,,,,,,,,,ChipSeal_P,pdi =12.48; sdi =12.59; age =9,mesh_cracks =1.23; shove =1; poth =1,,,,,,,,,,,,,,,,,,,,,,,,,ChipSeal_P,pdi =11.36; sdi =12.35; age =8,mesh_cracks =1.13; shove =0; poth =1
134,9339,Weston Way,2696,3114,All,,,,,,,ChipSeal_P,pdi =1.04; sdi =1.05; age =17,mesh_cracks =0.16; shove =0.08; poth =0.07,,,,,,,,,,,,,,,,,,,,,,,,,ChipSeal_P,pdi =11.37; sdi =12.4; age =8,mesh_cracks =1.14; shove =0; poth =1,,,,,,,,,,,,,,,,,,,,,,,,,ChipSeal_P,pdi =11.58; sdi =12.79; age =8,mesh_cracks =1.32; shove =0; poth =1
135,21,Tapeka Heights Lane,0,277,All,,,,,,,,,,,,,,,,ChipSeal_P,pdi =5.26; sdi =5.39; age =21,mesh_cracks =1; shove =0.36; poth =0.34,,,,,,,,,,,,,,,,,,,,,,,,,,,,,,,,,,,,,,,,,,,,,
136,10,Upper Ahu Ahu Road,46,68,All,,,,,,,,,,,,,,,,,,,,,,,,,,,,,,,,,,,,,,,,,,,,,,,,,,,,,,,,,,,,,,,
137,26,Stud Road,0,205,All,,,,,,,,,,,,,,,,,,,ChipSeal_P,pdi =4.33; sdi =5.3; age =14,mesh_cracks =0.99; shove =1.08; poth =0.18,,,,,,,,,,,,,,,,,,,,,,,,,,,,,,,,,,ChipSeal_P,pdi =11.54; sdi =13.15; age =11,mesh_cracks =1.29; shove =0; poth =1,,,,,,
138,1038,Gossey Drive North,1319,1723,All,,,,,,,,,,,,,,,,,,,ChipSeal_P,pdi =66.51; sdi =44.31; age =15,mesh_cracks =41.91; shove =4.71; poth =0.48,,,,,,,,,,,,,,,,,,,ChipSeal_P,pdi =102.72; sdi =44.01; age =6,mesh_cracks =85.6; shove =0; poth =0,,,,,,,,,,,,,,,,,,,,,
139,917,Port Street East,21,396,All,,,,,,,,,,,,,,,,,,,,,,,,,,,,,,,,,,,,,ChipSeal_P,pdi =122.07; sdi =53.07; age =12,mesh_cracks =100; shove =1.07; poth =0.1,,,,,,,,,,,,,,,,,,,,,,,,
140,11,Lower Ahu Ahu Road,158,179,All,,,,,,,,,,,,,,,,,,,,,,,,,,,,,,,,,,,,,,,,,,,,,,,,,,,,,,,,,,,,,,,
141,1037,Epiha Road Upper,0,415,All,,,,,,,,,,,,,ChipSeal_P,pdi =4.35; sdi =4.35; age =13,mesh_cracks =0.46; shove =1.16; poth =0.25,,,,,,,,,,,,,,,,,,,,,,,,,,,,ChipSeal_P,pdi =12.51; sdi =12.67; age =9,mesh_cracks =1.25; shove =1; poth =1,,,,,,,,,,,,,,,,,,
142,41,Huamanu Street,0,116,All,,,,,,,,,,,,,,,,,,,,,,,,,,,,,,,,,,,,,,,,,,,,,,,,,,,,,,,,,,,,,,,
143,41,Huamanu Street,0,116,All,,,,,,,,,,,,,,,,,,,,,,,,,,,,,,,,,,,,,,,,,,,,,,,,,,,,,,,,,,,,,,,
144,16,Sarah Lane,0,515,All,,,,,,,,,,,,,,,,,,,ChipSeal_P,pdi =6.1; sdi =7.21; age =21,mesh_cracks =0.89; shove =0.44; poth =0.44,,,,,,,,,,,,,,,,,,,,,,,,,,,,,,,,,,,,,,,,,,
145,36,Paneika Lane,370,391,All,,,,,,,,,,,,,,,,,,,,,,ChipSeal_P,pdi =7.89; sdi =8.27; age =26,mesh_cracks =1.2; shove =0.55; poth =0.55,,,,,,,,,,,,,,,,,,,,,,,,,,,,,,,,,,,,,,,
146,9339,Weston Way,1999,2369,All,,,,,,,,,,ChipSeal_P,pdi =22.78; sdi =2.26; age =18,mesh_cracks =20.87; shove =0.17; poth =0.16,,,,,,,,,,,,,,,,,,,ChipSeal_P,pdi =85.6; sdi =1.23; age =6,mesh_cracks =85.6; shove =0; poth =0,,,,,,,,,,,,,,,,,,,ChipSeal_P,pdi =85.8; sdi =1.98; age =6,mesh_cracks =85.6; shove =0; poth =0,,,,,,,,,
147,1092,Bronte Road East,0,156,All,,,,,,,,,,,,,,,,,,,,,,,,,ChipSeal_P,pdi =8.36; sdi =8.66; age =27,mesh_cracks =0.9; shove =0.63; poth =0.65,,,,,,,,,,,,,,,,,,,,,,,,,,,,,,,,,,,,
148,42,Te Manaki Street,0,377,All,,,,,,,,,,,,,,,,,,,,,,,,,,,,ChipSeal_P,pdi =27.34; sdi =57.02; age =26,mesh_cracks =3.65; shove =0.79; poth =0.79,,,,,,,,,,,,,,,,,,,,,,,,,,,,,,,,,
149,974,Railway Terrace East,0,730,All,,,,,,,,,,,,,ChipSeal_P,pdi =4.73; sdi =32.82; age =13,mesh_cracks =1.24; shove =0; poth =0.34,,,,,,,,,,,,,,,,,,,,,,,,,,,,,,,,,,,,,,,,,,,,,,,,
150,29,Riroriro Road,122,139,All,,,,,,,,,,,,,,,,,,,,,,,,,,,,,,,,,,Preseal_AC,pdi =18.07; sdi =34.89; age =22,mesh_cracks =1.85; shove =1.23; poth =0.34,,,,,,,,,,ThinAC_H,pdi =4.23; sdi =8.09; age =3,mesh_cracks =1; shove =0; poth =0,,,,,,,,,,,,,,,
151,9339,Weston Way,3457,3675,All,,,,,,,,,,,,,,,,,,,,,,,,,,,,,,,,,,,,,,,,,,,,,,,,,,,,,,,,,,,,,,,
152,15,Fendall Close,643,736,All,,,,,,,,,,,,,,,,,,,ChipSeal_P,pdi =16.06; sdi =29.94; age =12,mesh_cracks =1.78; shove =1.26; poth =0.35,,,,,,,,,,,,,,,,,,,ChipSeal_P,pdi =18.12; sdi =44.33; age =6,mesh_cracks =1; shove =0; poth =0,,,,,,,,,,,,,,,,,,,,,
153,974,Railway Terrace East,0,730,All,,,,,,,,,,,,,,,,ChipSeal_P,pdi =14.08; sdi =12.88; age =14,mesh_cracks =1.39; shove =0; poth =1.26,,,,,,,,,,,,,,,,,,,,,,,,,,,,,,,,,,,,,ChipSeal_P,pdi =10; sdi =11; age =12,mesh_cracks =0; shove =0; poth =1,,,,,,
154,33,Okoare Lane,0,58,All,,,,,,,,,,,,,,,,,,,,,,ChipSeal_P,pdi =15.31; sdi =14.57; age =12,mesh_cracks =1.39; shove =0; poth =1.35,,,,,,,,,,,,,,,,,,,,,,,,,,,,,,,ChipSeal_P,pdi =10; sdi =11.18; age =10,mesh_cracks =0; shove =0; poth =1,,,,,,
155,37,Freemason Avenue,0,149,All,,,,,,,,,,,,,,,,,,,,,,,,,,,,,,,,,,,,,ChipSeal_P,pdi =32.66; sdi =52.29; age =27,mesh_cracks =4.7; shove =1.19; poth =1.2,,,,,,,,,,,,,,,,,,,,,,,,
156,35,Leicester Place,0,660,All,,,,,,,,,,,,,,,,,,,,,,,,,,,,,,,,,,,,,,,,,,,,,,,,,ChipSeal_P,pdi =51.89; sdi =68.28; age =17,mesh_cracks =7.47; shove =1.17; poth =3.12,,,,,,,,,,,,
157,30,Curly McLeod Way,0,69,All,,,,,,,,,,,,,,,,,,,,,,ChipSeal_P,pdi =7.06; sdi =7.3; age =23,mesh_cracks =0.83; shove =0.53; poth =0.54,,,,,,,,,,,,,,,,,,,,,,,,,,,,,,,,,,,,,,,
158,25,Founders Lane,0,597,All,,,,,,,,,,,,,,,,,,,,,,,,,,,,,,,,,,,,,,,,,,,,,,ChipSeal_P,pdi =7.63; sdi =10.79; age =16,mesh_cracks =2.75; shove =1; poth =0,,,,,,,,,,,,,,,
159,36,Paneika Lane,391,520,All,,,,,,,,,,,,,,,,,,,,,,,,,,,,,,,,,,,,,,,,,,,,,,,,,,,,,,,,,,,,,,,
160,35,Leicester Place,0,660,All,,,,,,,,,,,,,,,,,,,,,,,,,,,,,,,,,,,,,,,,,,,,,,ChipSeal_P,pdi =47.95; sdi =52.3; age =16,mesh_cracks =25.87; shove =1.08; poth =0.1,,,,,,,,,,,,,,,
161,43,Infantry Lane,0,95,All,,,,,,,,,,,,,,,,,,,ChipSeal_P,pdi =5.56; sdi =5.72; age =24,mesh_cracks =0.62; shove =0.42; poth =0.43,,,,,,,,,,,,,,,,,,,,,,,,,,,,,,,,,,,,,,,,,,
162,29,Riroriro Road,0,122,All,,,,,,,ChipSeal_P,pdi =0.15; sdi =37.71; age =9,mesh_cracks =0.11; shove =0; poth =0,,,,,,,,,,,,,,,,,,,,,,,,,,,,,,,,,,,,,,,,,,,,,,ChipSeal_P,pdi =11.35; sdi =13.18; age =15,mesh_cracks =1.11; shove =0; poth =1,,,,,,
163,15,Fendall Close,736,814,All,,,,ChipSeal_P,pdi =1.6; sdi =0; age =22,mesh_cracks =1.6; shove =0; poth =0,,,,,,,,,,,,,,,,,,,,,,,,,ChipSeal_P,pdi =11.6; sdi =12.84; age =8,mesh_cracks =1.34; shove =0; poth =1,,,,,,,,,,,,,,,,,,,,,,,,,ChipSeal_P,pdi =12.88; sdi =13.14; age =8,mesh_cracks =1.6; shove =1; poth =1,,,
164,9339,Weston Way,965,1051,All,,,,,,,,,,,,,,,,,,,,,,ChipSeal_P,pdi =7.01; sdi =7.47; age =17,mesh_cracks =2.41; shove =1.09; poth =0.18,,,,,,,,,,,,,,,,,,,,,,ChipSeal_P,pdi =7.08; sdi =12.64; age =7,mesh_cracks =2.03; shove =0; poth =0,,,,,,,,,,,,,,,
165,23,Apple Orchard Lane,0,185,All,,,,,,,,,,,,,,,,,,,,,,,,,,,,ChipSeal_P,pdi =32.78; sdi =22.05; age =45,mesh_cracks =19.05; shove =0.79; poth =0.79,,,,,,,,,,,,,,,,,,,,,,,,,,,,,,,,,
166,32,Karearea Lane,84,154,All,,,,,,,,,,,,,,,,,,,,,,,,,,,,ChipSeal_P,pdi =30.75; sdi =11.2; age =36,mesh_cracks =1.21; shove =20.82; poth =0.81,,,,,,,,,,,,,,,,,,,,,,,,,,,,,,,,,
167,9339,Weston Way,2385,2696,All,,,,,,,ChipSeal_P,pdi =1.04; sdi =1.05; age =17,mesh_cracks =0.16; shove =0.08; poth =0.07,,,,,,,,,,,,,,,,,,,,,,,,,,,,,,,,,,ChipSeal_P,pdi =11.56; sdi =13.22; age =11,mesh_cracks =1.3; shove =0; poth =1,,,,,,,,,,,,,,,,,,
168,28,Stirrup Lane,0,261,All,,,,,,,,,,,,,,,,,,,,,,ChipSeal_P,pdi =7.93; sdi =9.19; age =14,mesh_cracks =1.36; shove =1.35; poth =0.44,,,,,,,,,,,,,,,,,,,,,,,,,,,,,,,,,,,,,,,
169,1013,Brook Street North,0,220,All,,,,,,,,,,,,,,,,,,,ChipSeal_P,pdi =5.55; sdi =5.71; age =25,mesh_cracks =0.62; shove =0.42; poth =0.43,,,,,,,,,,,,,,,,,,,,,,,,,,,,,,,,,,,,,,,,,,
170,7056,Dawick Street,78,88,All,,,,,,,,,,,,,,,,,,,,,,,,,,,,,,,,,,,,,,,,,,,,,,,,,,,,,,,,,,,,,,,
171,10,Upper Ahu Ahu Road,46,68,All,,,,,,,,,,,,,,,,,,,,,,,,,,,,,,,,,,,,,,,,,,,,,,,,,,,,,,,,,,,,,,,
172,32,Karearea Lane,0,56,All,,,,,,,,,,,,,,,,,,,,,,,,,,,,,,,,,,,,,,,,,,,,,,,,,,,,,,,,,,,,,,,
173,20,Burkes Creek Road,765,1789,All,,,,,,,,,,,,,,,,ChipSeal_P,pdi =20.57; sdi =4.8; age =16,mesh_cracks =16.51; shove =0.35; poth =0.34,,,,,,,,,,,,,,,,,,,ChipSeal_P,pdi =85.6; sdi =1.2; age =6,mesh_cracks =85.6; shove =0; poth =0,,,,,,,,,,,,,,,,,,,,,,,,
174,16,Sarah Lane,0,515,All,,,,,,,,,,,,,,,,,,,,,,,,,,,,,,,,,,,,,ChipSeal_P,pdi =46.73; sdi =77.48; age =27,mesh_cracks =4.41; shove =1.23; poth =2.77,,,,,,,,,,,,,,,,,,,,,,,,
175,1,Conifer Close,0,378,All,,,,,,,,,,,,,,,,ChipSeal_P,pdi =5.91; sdi =12.7; age =14,mesh_cracks =0.75; shove =1.25; poth =0.35,,,,,,,,,,,,,,,,,,,,,,,,,,,,,,,,,,,,,,,,,,,ChipSeal_P,pdi =11.69; sdi =13.88; age =14,mesh_cracks =1.41; shove =0; poth =1
176,9,Kowhai Glen,0,305,All,,,,,,,,,,,,,,,,,,,,,,,,,,,,,,,,,,,,,,,,,,,,,,ChipSeal_P,pdi =77.57; sdi =91.85; age =48,mesh_cracks =5.08; shove =1.77; poth =5.91,,,,,,,,,,,,,,,
177,1,Conifer Close,0,378,All,,,,,,,,,,,,,,,,,,,,,,,,,,,,ChipSeal_P,pdi =82.59; sdi =14.73; age =18,mesh_cracks =64.7; shove =7.7; poth =0.88,,,,,,,,,,,,,,,,,,,,,,,,,,,,,,,,,
178,30,Curly McLeod Way,0,69,All,,,,,,,ChipSeal_P,pdi =8.44; sdi =8.47; age =18,mesh_cracks =0.1; shove =0.07; poth =0.82,,,,,,,,,,,,,,,,,,,,,,,,,,,,,,,,,,,,,,,,,,,,,,ChipSeal_P,pdi =11.22; sdi =12.67; age =15,mesh_cracks =1; shove =0; poth =1,,,,,,
179,36,Paneika Lane,0,370,All,,,,,,,,,,,,,,,,,,,,,,,,,,,,,,,,,,,,,,,,,,,,,,,,,,,,,,,,,,,,,,,
180,917,Port Street East,0,21,All,,,,,,,,,,,,,,,,,,,,,,ChipSeal_P,pdi =25.54; sdi =33.55; age =25,mesh_cracks =0.94; shove =0.52; poth =1.85,,,,,,,,,,,,,,,,,,,,,,,,,,,,,,,ChipSeal_P,pdi =40.56; sdi =70.56; age =10,mesh_cracks =0; shove =0; poth =2.06,,,,,,
181,3,Matai Way,0,557,All,,,,,,,ChipSeal_P,pdi =7.41; sdi =7.44; age =20,mesh_cracks =0.11; shove =0.07; poth =0.72,,,,,,,,,,,,,,,,,,,,,,,,,,,,,,,,,,,,,,,,,,,,,,ChipSeal_P,pdi =11.35; sdi =13.1; age =15,mesh_cracks =1.1; shove =0; poth =1,,,,,,
182,38,Tyler Place,322,334,All,,,,,,,,,,,,,,,,ChipSeal_P,pdi =1.22; sdi =24.32; age =11,mesh_cracks =1.09; shove =0; poth =0,,,,,,,,,,,,,,,,,,,,,,,,,,,,,,,,,,,,,,,,,,,,,
183,1037,Epiha Road Upper,0,415,All,,,,ChipSeal_P,pdi =0; sdi =22.64; age =10,mesh_cracks =0; shove =0; poth =0,,,,,,,,,,,,,,,,,,,,,,,,,,,,ChipSeal_P,pdi =12.49; sdi =12.61; age =9,mesh_cracks =1.24; shove =1; poth =1,,,,,,,,,,,,,,,,,,,,,,,,,ChipSeal_P,pdi =11.37; sdi =12.39; age =8,mesh_cracks =1.14; shove =0; poth =1
184,917,Port Street East,1340,1431,All,,,,,,,ChipSeal_P,pdi =0.91; sdi =0.92; age =20,mesh_cracks =0.1; shove =0.07; poth =0.07,,,,,,,,,,,,,,,,,,,,,,,,,,,,,,,,,,,,,,,,,,,,,,,,,ChipSeal_P,pdi =11.3; sdi =13.17; age =16,mesh_cracks =1.1; shove =0; poth =1,,,
185,917,Port Street East,21,396,All,,,,,,,,,,,,,,,,,,,,,,,,,,,,,,,,,,,,,ChipSeal_P,pdi =103.17; sdi =4.72; age =12,mesh_cracks =100; shove =1.07; poth =0.17,,,,,,,,,,,,,,,,,,,,,,,,
186,29,Riroriro Road,0,122,All,,,,,,,,,,ChipSeal_P,pdi =14.5; sdi =11.21; age =10,mesh_cracks =3.42; shove =1; poth =1,,,,,,,,,,,,,,,,,,,,,,,,,,,,,,,,,,,,,,,,,,,,,,ChipSeal_P,pdi =11.35; sdi =13.2; age =15,mesh_cracks =1.11; shove =0; poth =1,,,
187,23,Apple Orchard Lane,0,185,All,,,,,,,,,,,,,,,,,,,,,,,,,,,,,,,ChipSeal_P,pdi =72.27; sdi =89.93; age =46,mesh_cracks =48.12; shove =0.96; poth =0.95,,,,,,,,,,,,,,,,,,,,,,,,,,,,,,
188,9339,Weston Way,886,939,All,,,,,,,,,,,,,,,,,,,,,,,,,,,,,,,,,,,,,,,,,,,,,,,,,,,,ThinAC_P,pdi =74.7; sdi =66.48; age =27,mesh_cracks =34.27; shove =3.5; poth =2.13,,,,,,,,,
189,4,Highfield Drive,0,71,All,,,,,,,,,,,,,,,,,,,,,,ChipSeal_P,pdi =7.18; sdi =7.44; age =22,mesh_cracks =0.88; shove =0.53; poth =0.54,,,,,,,,,,,,,,,,,,,,,,,,,,,,,,,,,,,,,,,
190,29,Riroriro Road,0,122,All,,,,,,,,,,,,,,,,ChipSeal_P,pdi =4.37; sdi =5.32; age =12,mesh_cracks =0.55; shove =1.08; poth =0.25,,,,,,,,,,,,,,,,,,,,,,,,,,,,,,,,,,,,,,,,,,,,,
191,38,Tyler Place,334,389,All,,,,,,,,,,,,,,,,,,,,,,,,,,,,ChipSeal_P,pdi =63.99; sdi =14.75; age =40,mesh_cracks =52.71; shove =0.93; poth =0.85,,,,,,,,,,,,,,,,,,,,,,,,,,,,,,,,,
192,13,Puriri Dale Way,0,293,All,,,,,,,,,,,,,,,,ChipSeal_P,pdi =4.93; sdi =5.03; age =22,mesh_cracks =0.82; shove =0.35; poth =0.34,,,,,,,,,,,,,,,,,,,,,,,,,,,,,,,,,,,,,,,,,,,,,
193,917,Port Street East,1431,2115,All,,,,,,,,,,,,,,,,,,,,,,,,,ChipSeal_P,pdi =18.95; sdi =39.63; age =23,mesh_cracks =1.16; shove =1.52; poth =0.63,,,,,,,,,,,,,,,,,,,,,,,,,,,,,,,,,,,,
194,917,Port Street East,21,396,All,,,,,,,,,,,,,,,,,,,,,,,,,,,,,,,,,,,,,,,,,,,ChipSeal_P,pdi =6.02; sdi =6.11; age =14,mesh_cracks =1.84; shove =1.16; poth =0.26,,,,,,,,,,,,,,,,,,
195,974,Railway Terrace East,0,730,All,,,,,,,,,,,,,,,,,,,,,,,,,,,,ChipSeal_P,pdi =81; sdi =41.15; age =18,mesh_cracks =62.17; shove =1.26; poth =0.35,,,,,,,,,,,,,,,,,,,,,,,,,,,,,,,,,
196,37,Freemason Avenue,149,172,All,,,,,,,,,,,,,,,,,,,,,,,,,,,,,,,,,,,,,,,,,,,,,,,,,ThinAC_P,pdi =6.02; sdi =104.61; age =21,mesh_cracks =1.53; shove =1.14; poth =0.25,,,,,,,,,,,,
197,9339,Weston Way,1051,1219,All,,,,,,,,,,,,,,,,,,,,,,ChipSeal_P,pdi =22.31; sdi =69.96; age =22,mesh_cracks =3.64; shove =0.6; poth =0.56,,,,,,,,,,,,,,,,,,,,,,ChipSeal_P,pdi =20.31; sdi =49.25; age =7,mesh_cracks =1.42; shove =0; poth =0,,,,,,,,,,,,,,,
198,917,Port Street East,2120,2350,All,,,,,,,,,,,,,,,,,,,,,,,,,ChipSeal_P,pdi =23.14; sdi =44.14; age =23,mesh_cracks =1.39; shove =1.52; poth =0.63,,,,,,,,,,,,,,,,,,,,,,,,,,,,,,,,,,,,
199,9339,Weston Way,1589,1999,All,,,,ChipSeal_P,pdi =6.24; sdi =0; age =16,mesh_cracks =6.24; shove =0; poth =0,,,,,,,,,,,,,,,,,,,,,,,,,ChipSeal_P,pdi =12.93; sdi =13.25; age =8,mesh_cracks =1.65; shove =1; poth =1,,,,,,,,,,,,,,,,,,,,,,,,,ChipSeal_P,pdi =13.18; sdi =13.76; age =8,mesh_cracks =1.85; shove =1; poth =1,,,
200,917,Port Street East,874,1340,All,,,,,,,,,,,,,,,,,,,,,,,,,,,,,,,ChipSeal_P,pdi =26.19; sdi =11.74; age =28,mesh_cracks =1.48; shove =15.29; poth =0.9,,,,,,,,,,,,,,,,,,,,,,,,,,,,,,
201,20,Burkes Creek Road,697,765,All,,,,,,,,,,,,,,,,,,,,,,,,,,,,,,,,,,,,,,,,,,,,,,,,,ThinAC_P,pdi =29.03; sdi =35.07; age =25,mesh_cracks =7.5; shove =2.12; poth =1.2,,,,,,,,,,,,
202,18,Monaghan Way,0,80,All,,,,,,,,,,,,,,,,,,,,,,ChipSeal_P,pdi =0.29; sdi =91.97; age =12,mesh_cracks =0; shove =0; poth =0,,,,,,,,,,,,,,,,,,,,,,,,,,,,,,,,,,,,,,,
203,6,Croatia Avenue,42,76,All,,,,,,,,,,,,,,,,,,,,,,,,,,,,,,,,,,,,,,,,,,,,,,,,,,,,,,,,,,,,,,,
204,21,Tapeka Heights Lane,0,277,All,,,,,,,,,,,,,,,,,,,,,,,,,,,,,,,,,,,,,,,,,,,,,,ChipSeal_P,pdi =100.55; sdi =64.7; age =31,mesh_cracks =55.94; shove =2.12; poth =3.05,,,,,,,,,,,,,,,
205,36,Paneika Lane,0,370,All,,,,,,,,,,,,,,,,,,,,,,,,,,,,,,,,,,,,,,,,,,,,,,,,,,,,,,,,,,,,,,,
206,38,Tyler Place,279,322,All,,,,,,,,,,,,,,,,,,,,,,,,,,,,,,,,,,,,,,,,,,,,,,,,,,,,,,,,,,,,,,,
207,917,Port Street East,0,21,All,,,,,,,,,,,,,,,,ChipSeal_P,pdi =9.44; sdi =4.16; age =23,mesh_cracks =5.77; shove =0.32; poth =0.32,,,,,,,,,,,,,,,,,,,,,,,,,,,,,,,,,,,,,,,,,,,,,
208,917,Port Street East,0,21,All,,,,,,,,,,,,,,,,,,,,,,ChipSeal_P,pdi =26.57; sdi =41.73; age =25,mesh_cracks =20.49; shove =0.54; poth =0.53,,,,,,,,,,,,,,,,,,,,,,,,,,,,,,,ChipSeal_P,pdi =100; sdi =0; age =10,mesh_cracks =100; shove =0; poth =0,,,,,,
209,37,Freemason Avenue,149,172,All,,,,,,,,,,,,,,,,,,,,,,,,,,,,,,,,,,,,,,,,,,,,,,,,,,,,,,,,,,,,,,,
210,20,Burkes Creek Road,697,765,All,,,,,,,,,,,,,,,,,,,,,,,,,,,,,,,,,,,,,,,,,,,,,,,,,ThinAC_P,pdi =49.88; sdi =65.29; age =25,mesh_cracks =16.26; shove =2.12; poth =1.2,,,,,,,,,,,,
211,38,Tyler Place,279,322,All,,,,,,,,,,,,,,,,,,,,,,,,,,,,,,,,,,,,,,,,,,,,,,,,,,,,,,,,,,,,,,,
212,20,Burkes Creek Road,697,765,All,,,,,,,,,,,,,,,,,,,,,,,,,,,,,,,,,,,,,,,,,,,,,,,,,ThinAC_P,pdi =35.86; sdi =68.44; age =25,mesh_cracks =8.29; shove =2.14; poth =1.51,,,,,,,,,,,,
213,10,Upper Ahu Ahu Road,0,46,All,,,,,,,,,,,,,,,,ChipSeal_P,pdi =5.21; sdi =14.13; age =21,mesh_cracks =0.53; shove =0.33; poth =0.33,,,,,,,,,,,,,,,,,,,,,,,,,,,,,,,,,,,,,,,,,,,,,
214,9339,Weston Way,2385,2696,All,,,,,,,,,,,,,,,,,,,,,,,,,,,,,,,,,,,,,ChipSeal_P,pdi =68.57; sdi =80.15; age =27,mesh_cracks =49.69; shove =1.35; poth =1.26,,,,,,,,,,,,,,,,,,,,,,,,
215,20,Burkes Creek Road,0,21,All,,,,,,,,,,,,,,,,,,,ChipSeal_P,pdi =36.29; sdi =10.87; age =15,mesh_cracks =0.96; shove =28.84; poth =0.47,,,,,,,,,,,,,,,,,,,ChipSeal_P,pdi =85.95; sdi =2.1; age =6,mesh_cracks =0; shove =85.6; poth =0,,,,,,,,,,,,,,,,,,,,,
216,8,Tarras Road,86,120,All,,,,,,,,,,,,,,,,,,,,,,,,,,,,,,,,,,,,,,,,,,,,,,,,,,,,,,,ThinAC_P,pdi =37; sdi =44.21; age =29,mesh_cracks =4.37; shove =14.19; poth =1.18,,,,,,
217,20,Burkes Creek Road,0,21,All,,,,,,,,,,,,,,,,ChipSeal_P,pdi =23.52; sdi =92.51; age =14,mesh_cracks =1.18; shove =5.6; poth =0.35,,,,,,,,,,,,,,,,,,,ChipSeal_P,pdi =17.12; sdi =44.01; age =6,mesh_cracks =0; shove =0; poth =0,,,,,,,,,,,,,,,,,,,ChipSeal_P,pdi =18.12; sdi =44.04; age =6,mesh_cracks =1; shove =0; poth =0,,,
218,12,Kriletich Drive,0,263,All,,,,,,,,,,,,,,,,,,,,,,,,,,,,,,,,,,,,,,,,ChipSeal_P,pdi =26.58; sdi =27.86; age =47,mesh_cracks =6.81; shove =1.45; poth =1.4,,,,,,,,,,,,,,,,,,,,,
219,25,Founders Lane,0,597,All,,,,,,,,,,,,,,,,,,,,,,,,,,,,,,,,,,,,,ChipSeal_P,pdi =34.4; sdi =141.44; age =13,mesh_cracks =14.4; shove =0; poth =0,,,,,,,,,,,,,,,,,,,,,,,,
220,9,Kowhai Glen,0,305,All,,,,,,,,,,,,,,,,,,,,,,,,,ChipSeal_P,pdi =8.88; sdi =9.29; age =41,mesh_cracks =1.12; shove =0.65; poth =0.65,,,,,,,,,,,,,,,,,,,,,,,,,,,,,,,,,,,,
221,3,Matai Way,0,557,All,,,,,,,,,,,,,,,,,,,,,,,,,ChipSeal_P,pdi =8.86; sdi =9.26; age =26,mesh_cracks =1.11; shove =0.65; poth =0.65,,,,,,,,,,,,,,,,,,,,,,,,,,,,,,,,,,,,
222,15,Fendall Close,438,585,All,,,,,,,,,,,,,ChipSeal_P,pdi =3.29; sdi =3.32; age =10,mesh_cracks =1.19; shove =1; poth =0.1,,,,,,,,,,,,,,,,,,,,,,,,,,,,ChipSeal_P,pdi =11.2; sdi =11.99; age =9,mesh_cracks =1; shove =0; poth =1,,,,,,,,,,,,,,,,,,
223,11,Lower Ahu Ahu Road,0,158,All,,,,,,,,,,,,,,,,,,,,,,,,,,,,,,,ChipSeal_P,pdi =24.02; sdi =42.18; age =17,mesh_cracks =2.29; shove =1.66; poth =0.76,,,,,,,,,,,,,,,,,,,,,,,,,,,,,,
224,38,Tyler Place,334,389,All,,,,,,,,,,,,,,,,,,,,,,,,,,,,,,,,,,,,,ChipSeal_P,pdi =111.45; sdi =69.45; age =43,mesh_cracks =50.49; shove =1.35; poth =5.48,,,,,,,,,,,,,,,,,,,,,,,,
225,10,Upper Ahu Ahu Road,0,46,All,,,,,,,,,,,,,,,,,,,ChipSeal_P,pdi =5.69; sdi =5.86; age =22,mesh_cracks =0.69; shove =0.43; poth =0.43,,,,,,,,,,,,,,,,,,,,,,,,,,,,,,,,,,,,,,,,,,
226,15,Fendall Close,0,438,All,,,,,,,,,,,,,,,,,,,,,,,,,ChipSeal_P,pdi =55.83; sdi =49.43; age =18,mesh_cracks =4.41; shove =28.35; poth =0.7,,,,,,,,,,,,,,,,,,,ChipSeal_P,pdi =103.72; sdi =44.04; age =6,mesh_cracks =1; shove =85.6; poth =0,,,,,,,,,,,,,,,
227,37,Freemason Avenue,149,172,All,,,,,,,,,,,,,,,,,,,,,,,,,,,,,,,,,,,,,,,,,,,,,,,,,,,,ThinAC_P,pdi =7.26; sdi =8.27; age =22,mesh_cracks =1.67; shove =1.23; poth =0.34,,,,,,,,,
228,27,Gallop Lane,116,136,All,,,,,,,,,,,,,,,,,,,,,,,,,,,,,,,,,,,,,,,,,,,,,,,,,ThinAC_P,pdi =8.79; sdi =10.98; age =23,mesh_cracks =1.55; shove =1.33; poth =0.43,,,,,,,,,,,,
229,917,Port Street East,2120,2350,All,,,,,,,,,,ChipSeal_P,pdi =3.04; sdi =3.91; age =18,mesh_cracks =0.2; shove =1.07; poth =0.17,,,,,,,,,,,,,,,,,,,,,,,,,,,,,,,,,,,,,,,,,,,,,,,,,ChipSeal_P,pdi =11.29; sdi =13.05; age =16,mesh_cracks =1.09; shove =0; poth =1
230,9339,Weston Way,3457,3675,All,,,,,,,,,,,,,,,,,,,,,,,,,,,,,,,,,,,,,,,,,,,,,,,,,,,,,,,,,,,,,,,
231,9339,Weston Way,1237,1589,All,,,,,,,ChipSeal_P,pdi =1.16; sdi =8.7; age =17,mesh_cracks =0.23; shove =0.08; poth =0.08,,,,,,,,,,,,,,,,,,,,,,,,,ChipSeal_P,pdi =12.98; sdi =13.36; age =8,mesh_cracks =1.67; shove =1; poth =1,,,,,,,,,,,,,,,,,,,,,,,,,,,
232,16,Sarah Lane,0,515,All,,,,,,,,,,,,,,,,,,,,,,,,,,,,,,,,,,,,,ChipSeal_P,pdi =41.2; sdi =44.34; age =27,mesh_cracks =3.54; shove =1.22; poth =3.34,,,,,,,,,,,,,,,,,,,,,,,,
233,33,Okoare Lane,0,58,All,,,,,,,,,,,,,,,,,,,,,,,,,,,,,,,,,,,,,ChipSeal_P,pdi =28.92; sdi =55.98; age =17,mesh_cracks =4.23; shove =1.24; poth =0.34,,,,,,,,,,,,,,,,,,,,,,,,
234,20,Burkes Creek Road,697,765,All,,,,,,,,,,,,,,,,,,,,,,,,,,,,,,,,,,,,,,,,,,,,,,,,,,,,ThinAC_P,pdi =46.28; sdi =60.99; age =26,mesh_cracks =13.4; shove =2.29; poth =1.36,,,,,,,,,
235,20,Burkes Creek Road,549,697,All,,,,,,,,,,,,,ChipSeal_P,pdi =12.25; sdi =25.3; age =15,mesh_cracks =0.64; shove =0.24; poth =0.24,,,,,,,,,,,,,,,,,,,ChipSeal_P,pdi =17.12; sdi =44; age =6,mesh_cracks =0; shove =0; poth =0,,,,,,,,,,,,,,,,,,,ChipSeal_P,pdi =17.12; sdi =44.02; age =6,mesh_cracks =0; shove =0; poth =0,,,,,,
236,20,Burkes Creek Road,0,21,All,,,,,,,,,,,,,,,,ChipSeal_P,pdi =6.73; sdi =47.16; age =14,mesh_cracks =0.7; shove =1.25; poth =0.45,,,,,,,,,,,,,,,,,,,,,,,,,,,,ChipSeal_P,pdi =12.53; sdi =13.73; age =9,mesh_cracks =1.27; shove =1; poth =1,,,,,,,,,,,,,,,
237,27,Gallop Lane,0,116,All,,,,,,,,,,,,,,,,,,,,,,,,,,,,ChipSeal_P,pdi =30.56; sdi =66.2; age =16,mesh_cracks =3.3; shove =1.54; poth =0.66,,,,,,,,,,,,,,,,,,,,,,,,,,,,,,,,,
238,10,Upper Ahu Ahu Road,46,68,All,,,,,,,,,,,,,,,,,,,,,,,,,,,,,,,,,,,,,,,,,,,,,,,,,,,,,,,,,,,,,,,
239,11,Lower Ahu Ahu Road,0,158,All,,,,,,,,,,,,,,,,ChipSeal_P,pdi =4.48; sdi =5.43; age =12,mesh_cracks =0.58; shove =1.15; poth =0.25,,,,,,,,,,,,,,,,,,,,,,,,,,,,,,,,,,,,,,,,,,,,,
240,37,Freemason Avenue,0,149,All,,,,,,,,,,,,,,,,,,,,,,,,,,,,ChipSeal_P,pdi =19.24; sdi =32.54; age =24,mesh_cracks =1.74; shove =0.78; poth =0.78,,,,,,,,,,,,,,,,,,,,,,,,,,,,,,,,,
241,9339,Weston Way,2385,2696,All,,,,,,,ChipSeal_P,pdi =2.15; sdi =3.79; age =17,mesh_cracks =0.17; shove =0.08; poth =0.07,,,,,,,,,,,,,,,,,,,,,,,,,,,,,,,,,,ChipSeal_P,pdi =11.56; sdi =13.22; age =11,mesh_cracks =1.3; shove =0; poth =1,,,,,,,,,,,,,,,,,,
242,9339,Weston Way,2385,2696,All,,,,ChipSeal_P,pdi =7.28; sdi =0; age =16,mesh_cracks =7.28; shove =0; poth =0,,,,,,,,,,,,,,,,,,,,,,,,,,,,,,,,,,ChipSeal_P,pdi =11.76; sdi =13.19; age =11,mesh_cracks =1.5; shove =0; poth =1,,,,,,,,,,,,,,,,,,,,,
243,35,Leicester Place,0,660,All,,,,,,,,,,,,,,,,,,,,,,,,,,,,,,,,,,,,,,,,,,,,,,ChipSeal_P,pdi =123.03; sdi =53.13; age =16,mesh_cracks =100; shove =1.2; poth =0.18,,,,,,,,,,,,,,,
244,9339,Weston Way,1999,2369,All,,,,,,,ChipSeal_P,pdi =2.86; sdi =5.57; age =17,mesh_cracks =0.17; shove =0.08; poth =0.07,,,,,,,,,,,,,,,,,,,,,,,,,ChipSeal_P,pdi =13.24; sdi =17.06; age =8,mesh_cracks =1.14; shove =0; poth =1,,,,,,,,,,,,,,,,,,,ChipSeal_P,pdi =13.23; sdi =32.07; age =6,mesh_cracks =1; shove =0; poth =0,,,,,,
245,917,Port Street East,1431,2115,All,,,,,,,,,,ChipSeal_P,pdi =3.04; sdi =3.91; age =18,mesh_cracks =0.2; shove =1.07; poth =0.17,,,,,,,,,,,,,,,,,,,,,,,,,,,,,,,,,,,,,,,,,,,,,,,,,ChipSeal_P,pdi =11.29; sdi =13.05; age =16,mesh_cracks =1.09; shove =0; poth =1
246,9339,Weston Way,2696,3114,All,,,,ChipSeal_P,pdi =18.63; sdi =11.25; age =16,mesh_cracks =7.38; shove =0; poth =1.13,,,,,,,,,,,,,,,,,,,,,,,,,ChipSeal_P,pdi =11.56; sdi =12.39; age =8,mesh_cracks =1.33; shove =0; poth =1,,,,,,,,,,,,,,,,,,,,,,,,,ChipSeal_P,pdi =11.57; sdi =12.77; age =8,mesh_cracks =1.31; shove =0; poth =1,,,
247,2,Fladgate Drive,0,565,All,,,,,,,,,,,,,,,,,,,,,,,,,ChipSeal_P,pdi =9.19; sdi =9.67; age =28,mesh_cracks =1.25; shove =0.66; poth =0.66,,,,,,,,,,,,,,,,,,,,,,,,,,,,,,,,,,,,
248,20,Burkes Creek Road,697,765,All,,,,,,,,,,,,,,,,,,,,,,,,,,,,,,,,,,,,,,,,,,,,,,,,,ThinAC_P,pdi =29.03; sdi =35.07; age =25,mesh_cracks =7.5; shove =2.12; poth =1.2,,,,,,,,,,,,
249,9339,Weston Way,1999,2369,All,,,,ChipSeal_P,pdi =0; sdi =7.71; age =16,mesh_cracks =0; shove =0; poth =0,,,,,,,,,,,,,,,,,,,,,,,,,ChipSeal_P,pdi =11.36; sdi =12.37; age =8,mesh_cracks =1.14; shove =0; poth =1,,,,,,,,,,,,,,,,,,,,,,,,,ChipSeal_P,pdi =11.58; sdi =12.8; age =8,mesh_cracks =1.32; shove =0; poth =1,,,
250,8,Tarras Road,0,86,All,,,,,,,,,,,,,,,,,,,,,,,,,ChipSeal_P,pdi =6.03; sdi =6.11; age =15,mesh_cracks =1.85; shove =1.15; poth =0.25,,,,,,,,,,,,,,,,,,,,,,,,,,,,,,,,,,,,
251,35,Leicester Place,0,660,All,,,,,,,,,,,,,,,,,,,,,,,,,ChipSeal_P,pdi =14.39; sdi =14.32; age =9,mesh_cracks =1.43; shove =0; poth =1.21,,,,,,,,,,,,,,,,,,,,,,,,,,,,,,,,,,,,
252,9339,Weston Way,965,1051,All,,,,,,,,,,,,,,,,ChipSeal_P,pdi =1.81; sdi =27; age =15,mesh_cracks =1.17; shove =0; poth =0,,,,,,,,,,,,,,,,,,,,,,,,,ChipSeal_P,pdi =4.62; sdi =6.33; age =8,mesh_cracks =2.48; shove =0; poth =0,,,,,,,,,,,,,,,,,,
253,15,Fendall Close,0,438,All,,,,,,,,,,,,,,,,,,,,,,ChipSeal_P,pdi =18.3; sdi =33.68; age =17,mesh_cracks =1.79; shove =0.56; poth =0.55,,,,,,,,,,,,,,,,,,,,,,ChipSeal_P,pdi =20.02; sdi =48.75; age =7,mesh_cracks =1.13; shove =0; poth =0,,,,,,,,,,,,,,,
254,43,Infantry Lane,0,95,All,,,,,,,,,,,,,,,,,,,,,,,,,ChipSeal_P,pdi =35.9; sdi =15.52; age =26,mesh_cracks =21.66; shove =0.66; poth =1.32,,,,,,,,,,,,,,,,,,,,,,,,,,,,,,,,,,,,
255,11,Lower Ahu Ahu Road,0,158,All,,,,,,,,,,,,,,,,,,,,,,,,,,,,ChipSeal_P,pdi =37.13; sdi =156.43; age =16,mesh_cracks =3.07; shove =1.55; poth =1.4,,,,,,,,,,,,,,,,,,,,,,,,,,,,,,,,,
256,1035,Cousins Avenue East,0,61,All,,,,,,,,,,,,,,,,,,,,,,,,,,,,,,,,,,,,,,,,,,,,,,,,,,,,,,,,,,,,,,,
257,36,Paneika Lane,0,370,All,,,,,,,,,,,,,,,,,,,,,,,,,,,,,,,,,,,,,,,,,,,,,,,,,,,,,,,,,,,,,,,
258,917,Port Street East,21,396,All,,,,,,,,,,,,,,,,,,,,,,,,,,,,,,,,,,,,,,,,,,,ChipSeal_P,pdi =6.02; sdi =6.11; age =14,mesh_cracks =1.84; shove =1.16; poth =0.26,,,,,,,,,,,,,,,,,,
259,32,Karearea Lane,84,154,All,,,,,,,,,,,,,,,,,,,,,,,,,,,,,,,ChipSeal_P,pdi =61.99; sdi =34.17; age =37,mesh_cracks =42.44; shove =0.94; poth =0.94,,,,,,,,,,,,,,,,,,,,,,,,,,,,,,
260,9339,Weston Way,1051,1219,All,,,,,,,ChipSeal_P,pdi =2.66; sdi =4.9; age =17,mesh_cracks =0.23; shove =0.08; poth =0.08,,,,,,,,,,,,,,,,,,,,,,,,,ChipSeal_P,pdi =12.03; sdi =13.52; age =8,mesh_cracks =1.6; shove =0; poth =1,,,,,,,,,,,,,,,,,,,,,,,,,ChipSeal_P,pdi =13.09; sdi =13.58; age =8,mesh_cracks =1.77; shove =1; poth =1
261,32,Karearea Lane,154,820,All,,,,,,,,,,,,,,,,,,,,,,,,,,,,,,,,,,,,,,,,ChipSeal_P,pdi =42.85; sdi =26.17; age =28,mesh_cracks =3.99; shove =20.85; poth =1.45,,,,,,,,,,,,,,,,,,,,,
262,20,Burkes Creek Road,549,697,All,,,,,,,,,,,,,,,,ChipSeal_P,pdi =27.24; sdi =5.9; age =16,mesh_cracks =22.73; shove =0.36; poth =0.35,,,,,,,,,,,,,,,,,,,ChipSeal_P,pdi =85.6; sdi =1.2; age =6,mesh_cracks =85.6; shove =0; poth =0,,,,,,,,,,,,,,,,,,,ChipSeal_P,pdi =85.6; sdi =1.22; age =6,mesh_cracks =85.6; shove =0; poth =0,,,
263,27,Gallop Lane,116,136,All,,,,,,,,,,,,,,,,,,,,,,,,,,,,,,,,,,,,,,,,,,,,,,,,,,,,,,,,,,,,,,,
264,9339,Weston Way,3457,3675,All,,,,,,,,,,,,,,,,,,,,,,,,,,,,,,,,,,,,,,,,,,,,,,,,,,,,ThinAC_P,pdi =43.39; sdi =66.31; age =32,mesh_cracks =6.63; shove =2.48; poth =1.63,,,,,,,,,
265,44,Dickins Lane,474,1091,All,,,,,,,,,,,,,,,,,,,,,,,,,,,,,,,,,,,,,,,,,,,,,,ChipSeal_P,pdi =4.25; sdi =6.53; age =16,mesh_cracks =2.08; shove =0; poth =0,,,,,,,,,,,,,,,
266,37,Freemason Avenue,172,362,All,,,,,,,,,,,,,,,,ChipSeal_P,pdi =5.18; sdi =6.13; age =20,mesh_cracks =0.95; shove =0.35; poth =0.34,,,,,,,,,,,,,,,,,,,,,,,,,,,,,,,,,,,,,,,,,,,ChipSeal_P,pdi =12.16; sdi =15.58; age =14,mesh_cracks =1.81; shove =0; poth =1
267,27,Gallop Lane,116,136,All,,,,,,,,,,,,,,,,,,,,,,,,,,,,,,,,,,,,,,,,,,,,,,,,,,,,,,,,,,,,,,,
268,5,Vintry Drive,0,362,All,,,,,,,,,,,,,,,,,,,ChipSeal_P,pdi =5.88; sdi =6.06; age =20,mesh_cracks =0.78; shove =0.43; poth =0.43,,,,,,,,,,,,,,,,,,,,,,,,,,,,,,,,,,,,,,,,,,
269,22,Sir John McKenzie Drive,0,530,All,,,,,,,,,,,,,,,,,,,,,,,,,,,,,,,ChipSeal_P,pdi =19.15; sdi =29.85; age =17,mesh_cracks =2.09; shove =1.7; poth =0.81,,,,,,,,,,,,,,,,,,,,,,,,,,,,,,
270,917,Port Street East,2120,2350,All,,,,,,,,,,,,,,,,,,,,,,,,,,,,,,,ChipSeal_P,pdi =22.79; sdi =39; age =25,mesh_cracks =1.67; shove =1.75; poth =0.86,,,,,,,,,,,,,,,,,,,,,,,,,,,,,,
271,917,Port Street East,1431,2115,All,,,,,,,,,,,,,,,,,,,,,,,,,,,,ChipSeal_P,pdi =32.02; sdi =44.53; age =24,mesh_cracks =1.58; shove =9.35; poth =0.76,,,,,,,,,,,,,,,,,,,,,,,,,,,,,,,,,
272,22,Sir John McKenzie Drive,0,530,All,,,,,,,,,,ChipSeal_P,pdi =2.35; sdi =12.11; age =10,mesh_cracks =0.26; shove =1; poth =0.1,,,,,,,,,,,,,,,,,,,,,,,,,,,,,,,,,,,,,,,,,,,,,,ChipSeal_P,pdi =11.48; sdi =13.44; age =15,mesh_cracks =1.23; shove =0; poth =1,,,
273,38,Tyler Place,334,389,All,,,,,,,,,,,,,,,,,,,,,,,,,,,,ChipSeal_P,pdi =28.88; sdi =51.98; age =40,mesh_cracks =5.59; shove =0.82; poth =0.8,,,,,,,,,,,,,,,,,,,,,,,,,,,,,,,,,
274,38,Tyler Place,322,334,All,,,,,,,,,,,,,,,,,,,,,,ChipSeal_P,pdi =4.36; sdi =5.25; age =13,mesh_cracks =1.3; shove =1.07; poth =0.18,,,,,,,,,,,,,,,,,,,,,,,,,,,,,,,,,,,,,,,
275,38,Tyler Place,322,334,All,,,,,,,,,,,,,,,,,,,,,,,,,,,,ChipSeal_P,pdi =28.46; sdi =52.79; age =15,mesh_cracks =5.02; shove =1.24; poth =0.35,,,,,,,,,,,,,,,,,,,,,,,,,,,,,,,,,
276,15,Fendall Close,438,585,All,,,,,,,,,,,,,ChipSeal_P,pdi =3.29; sdi =3.32; age =10,mesh_cracks =1.19; shove =1; poth =0.1,,,,,,,,,,,,,,,,,,,,,,,,,,,,ChipSeal_P,pdi =11.2; sdi =11.99; age =9,mesh_cracks =1; shove =0; poth =1,,,,,,,,,,,,,,,,,,
277,37,Freemason Avenue,0,149,All,,,,,,,,,,,,,,,,ChipSeal_P,pdi =4.47; sdi =5.49; age =20,mesh_cracks =0.58; shove =0.33; poth =0.33,,,,,,,,,,,,,,,,,,,,,,,,,,,,,,,,,,,,,,,,,,,,,
278,3,Matai Way,0,557,All,,,,,,,,,,,,,,,,,,,,,,,,,,,,,,,,,,,,,,,,,,,,,,ChipSeal_P,pdi =54.58; sdi =57.56; age =33,mesh_cracks =4.15; shove =1.76; poth =4.52,,,,,,,,,,,,,,,
279,25,Founders Lane,0,597,All,,,,,,,,,,,,,,,,,,,,,,,,,ChipSeal_P,pdi =15.91; sdi =99.98; age =9,mesh_cracks =1; shove =0; poth =1.45,,,,,,,,,,,,,,,,,,,,,,,,,,,,,,,ChipSeal_P,pdi =11.04; sdi =12.54; age =10,mesh_cracks =0; shove =0; poth =1.1,,,
280,24,George Noble Road,0,272,All,,,,,,,,,,,,,,,,ChipSeal_P,pdi =4.78; sdi =5.74; age =13,mesh_cracks =0.74; shove =1.16; poth =0.26,,,,,,,,,,,,,,,,,,,,,,,,,,,,,,,,,,,,,,,,,,,,,
281,44,Dickins Lane,474,1091,All,,,,,,,,,,,,,,,,,,,,,,,,,,,,,,,,,,,,,,,,,,,,,,ChipSeal_P,pdi =22.34; sdi =51.09; age =16,mesh_cracks =2.34; shove =0; poth =0,,,,,,,,,,,,,,,
282,36,Paneika Lane,0,370,All,,,,,,,,,,,,,,,,,,,,,,,,,,,,,,,,,,,,,,,,,,,,,,,,,,,,,,,,,,,,,,,
283,36,Paneika Lane,0,370,All,,,,,,,,,,,,,,,,,,,,,,,,,,,,,,,,,,,,,,,,,,,,,,,,,,,,,,,,,,,,,,,
284,43,Infantry Lane,0,95,All,,,,,,,,,,,,,,,,ChipSeal_P,pdi =11.31; sdi =25.1; age =23,mesh_cracks =3.28; shove =4.52; poth =0.33,,,,,,,,,,,,,,,,,,,,,,,,,,,,,,,,,,,,,,,,,,,,,
285,9339,Weston Way,1051,1219,All,,,,,,,ChipSeal_P,pdi =1.13; sdi =1.12; age =17,mesh_cracks =0.22; shove =0.08; poth =0.08,,,,,,,,,,,,,,,,,,,,,,,,,ChipSeal_P,pdi =11.87; sdi =13.13; age =8,mesh_cracks =1.6; shove =0; poth =1,,,,,,,,,,,,,,,,,,,,,,,,,ChipSeal_P,pdi =13.09; sdi =13.58; age =8,mesh_cracks =1.77; shove =1; poth =1
286,17,Ash Drive,0,318,All,,,,,,,,,,,,,,,,,,,,,,ChipSeal_P,pdi =5; sdi =5.1; age =11,mesh_cracks =1.8; shove =1; poth =0.1,,,,,,,,,,,,,,,,,,,,,,,,,,,,,,,,,,ChipSeal_P,pdi =11.9; sdi =13.96; age =11,mesh_cracks =1.59; shove =0; poth =1,,,
287,21,Tapeka Heights Lane,0,277,All,,,,,,,,,,,,,,,,ChipSeal_P,pdi =5.26; sdi =5.39; age =21,mesh_cracks =1; shove =0.36; poth =0.34,,,,,,,,,,,,,,,,,,,,,,,,,,,,,,,,,,,,,,,,,,,ChipSeal_P,pdi =12.38; sdi =15.89; age =14,mesh_cracks =2.02; shove =0; poth =1
288,23,Apple Orchard Lane,0,185,All,,,,,,,,,,,,,,,,,,,ChipSeal_P,pdi =5.77; sdi =5.94; age =42,mesh_cracks =0.73; shove =0.43; poth =0.43,,,,,,,,,,,,,,,,,,,,,,,,,,,,,,,,,,,,,,,,,,
289,9339,Weston Way,3114,3398,All,,,,,,,,,,,,,,,,,,,,,,,,,ChipSeal_P,pdi =19.82; sdi =44.79; age =23,mesh_cracks =1.97; shove =0.67; poth =0.66,,,,,,,,,,,,,,,,,,,,,,,,,ChipSeal_P,pdi =19.86; sdi =51.09; age =8,mesh_cracks =0; shove =0; poth =0,,,,,,,,,
290,38,Tyler Place,334,389,All,,,,,,,,,,,,,ChipSeal_P,pdi =3.45; sdi =3.49; age =35,mesh_cracks =0.56; shove =0.25; poth =0.24,,,,,,,,,,,,,,,,,,,,,,,,,,,,,,,,,,,,,,,,,,,ChipSeal_P,pdi =11.78; sdi =14.32; age =14,mesh_cracks =1.48; shove =0; poth =1,,,
291,32,Karearea Lane,154,820,All,,,,,,,,,,,,,,,,,,,ChipSeal_P,pdi =16.95; sdi =17.13; age =21,mesh_cracks =0.85; shove =0.44; poth =1.53,,,,,,,,,,,,,,,,,,,,,,,,,,,,,,,ChipSeal_P,pdi =12.26; sdi =13.67; age =10,mesh_cracks =0; shove =0; poth =1.23,,,,,,,,,
292,7,Lumbarda Drive,0,152,All,,,,,,,,,,,,,,,,,,,,,,,,,,,,,,,,,,,,,,,,,,,,,,,,,,,,Preseal_AC,pdi =10.62; sdi =13.35; age =24,mesh_cracks =1.84; shove =1.42; poth =0.53,ThinAC_H,pdi =0; sdi =0; age =0,mesh_cracks =0; shove =0; poth =0,,,,,,
293,29,Riroriro Road,0,122,All,,,,,,,,,,,,,,,,,,,,,,,,,,,,,,,,,,ChipSeal_P,pdi =80.51; sdi =31.93; age =18,mesh_cracks =61.84; shove =1.82; poth =0.92,,,,,,,,,,,,,,,,,,,,,,,,,,,
294,32,Karearea Lane,820,1262,All,,,,,,,,,,,,,,,,,,,,,,ChipSeal_P,pdi =5.37; sdi =5.54; age =13,mesh_cracks =1.41; shove =1.15; poth =0.26,,,,,,,,,,,,,,,,,,,,,,,,,,,,,,,,,,,,,,,
295,974,Railway Terrace East,0,730,All,,,,,,,,,,,,,,,,,,,,,,,,,,,,ChipSeal_P,pdi =24.05; sdi =49.05; age =18,mesh_cracks =2.16; shove =1.23; poth =0.33,,,,,,,,,,,,,,,,,,,,,,,,,,,,,,,,,
296,7056,Dawick Street,0,78,All,,,,,,,,,,,,,,,,,,,,,,,,,,,,,,,ChipSeal_P,pdi =88.17; sdi =13.66; age =17,mesh_cracks =77.5; shove =1.71; poth =0.8,,,,,,,,,,,,,,,,,,,,,,,,,,,,,,
297,21,Tapeka Heights Lane,0,277,All,,,,,,,,,,,,,,,,ChipSeal_P,pdi =5.26; sdi =5.39; age =21,mesh_cracks =1; shove =0.36; poth =0.34,,,,,,,,,,,,,,,,,,,,,,,,,,,,,,,,,,,,,,,,,,,,,
298,20,Burkes Creek Road,21,520,All,,,,,,,,,,,,,ChipSeal_P,pdi =8.43; sdi =14.3; age =13,mesh_cracks =0.56; shove =1.16; poth =0.26,,,,,,,,,,,,,,,,,,,ChipSeal_P,pdi =17.12; sdi =44.01; age =6,mesh_cracks =0; shove =0; poth =0,,,,,,,,,,,,,,,,,,,ChipSeal_P,pdi =18.12; sdi =44.04; age =6,mesh_cracks =1; shove =0; poth =0,,,,,,
299,43,Infantry Lane,0,95,All,,,,,,,,,,,,,,,,ChipSeal_P,pdi =7.6; sdi =26.35; age =23,mesh_cracks =0.47; shove =0.32; poth =0.66,,,,,,,,,,,,,,,,,,,,,,,,,,,,,,,,,,,,,,,,,,,,,
300,917,Port Street East,2120,2350,All,,,,,,,,,,,,,,,,,,,,,,,,,,,,ChipSeal_P,pdi =26.38; sdi =49.16; age =24,mesh_cracks =1.93; shove =1.63; poth =0.74,,,,,,,,,,,,,,,,,,,,,,,,,,,,,,,,,
301,4,Highfield Drive,0,71,All,,,,,,,,,,,,,,,,,,,,,,,,,,,,,,,ChipSeal_P,pdi =69.32; sdi =29.05; age =25,mesh_cracks =51.74; shove =0.97; poth =0.95,,,,,,,,,,,,,,,,,,,,,,,,,,,,,,
302,11,Lower Ahu Ahu Road,0,158,All,,,,,,,,,,,,,,,,,,,,,,,,,,,,ChipSeal_P,pdi =25.93; sdi =49.22; age =16,mesh_cracks =2.1; shove =1.54; poth =0.64,,,,,,,,,,,,,,,,,,,,,,,,,,,,,,,,,
303,7056,Dawick Street,0,78,All,,,,,,,,,,,,,,,,ChipSeal_P,pdi =4.33; sdi =5.28; age =12,mesh_cracks =0.53; shove =1.08; poth =0.25,,,,,,,,,,,,,,,,,,,,,,,,,,,,,,,,,,,,,,,,,,,,,
304,29,Riroriro Road,0,122,All,,,,,,,,,,,,,,,,,,,,,,,,,,,,ChipSeal_P,pdi =26.46; sdi =137.38; age =16,mesh_cracks =2.03; shove =1.46; poth =0.64,,,,,,,,,,,,,,,,,,,,,,,,,,,,,,,,,
305,15,Fendall Close,438,585,All,,,,,,,ChipSeal_P,pdi =1.03; sdi =15.36; age =8,mesh_cracks =1; shove =0; poth =0,,,,,,,,,,,,,,,,,,,,,,,,,,,,ChipSeal_P,pdi =11.2; sdi =11.97; age =9,mesh_cracks =1; shove =0; poth =1,,,,,,,,,,,,,,,,,,,,,,,,
306,1038,Gossey Drive North,1319,1723,All,,,,,,,,,,,,,ChipSeal_P,pdi =4.35; sdi =4.35; age =13,mesh_cracks =0.46; shove =1.16; poth =0.25,,,,,,,,,,,,,,,,,,,,,,,,,,,,ChipSeal_P,pdi =12.51; sdi =12.68; age =9,mesh_cracks =1.26; shove =1; poth =1,,,,,,,,,,,,,,,,,,
307,1,Conifer Close,0,378,All,,,,,,,,,,,,,,,,,,,,,,,,,,,,ChipSeal_P,pdi =30.48; sdi =51.91; age =18,mesh_cracks =4.34; shove =1.69; poth =0.78,,,,,,,,,,,,,,,,,,,,,,,,,,,,,,,,,
308,41,Huamanu Street,0,116,All,,,,,,,,,,,,,,,,,,,,,,,,,,,,,,,,,,,,,,,,,,,,,,,,,,,,,,,,,,,,,,,
309,36,Paneika Lane,0,370,All,,,,,,,,,,,,,,,,,,,,,,,,,,,,,,,,,,,,,,,,,,,,,,,,,,,,,,,,,,,,,,,
310,26,Stud Road,0,205,All,,,,,,,,,,,,,,,,,,,,,,,,,,,,ChipSeal_P,pdi =24.64; sdi =45.48; age =17,mesh_cracks =3.55; shove =1.36; poth =0.45,,,,,,,,,,,,,,,,,,,,,,,,,ChipSeal_P,pdi =19.86; sdi =51.13; age =8,mesh_cracks =0; shove =0; poth =0,,,,,,
311,9167,Foxglove Drive,0,668,All,,,,,,,,,,,,,,,,,,,,,,,,,,,,,,,,,,,,,,,,,,,,,,ChipSeal_P,pdi =17.51; sdi =25.13; age =27,mesh_cracks =2.05; shove =1.73; poth =0.84,,,,,,,,,,,,,,,
312,9167,Foxglove Drive,0,668,All,,,,,,,,,,,,,,,,,,,,,,,,,,,,,,,,,,,,,,,,,,,,,,ChipSeal_P,pdi =45.64; sdi =100.52; age =27,mesh_cracks =34.9; shove =1.75; poth =0.85,,,,,,,,,,,,,,,
313,9339,Weston Way,1589,1999,All,,,,,,,ChipSeal_P,pdi =1.16; sdi =1.14; age =17,mesh_cracks =0.23; shove =0.08; poth =0.08,,,,,,,,,,,,,,,,,,,,,,,,,ChipSeal_P,pdi =12.98; sdi =13.36; age =8,mesh_cracks =1.67; shove =1; poth =1,,,,,,,,,,,,,,,,,,,,,,,,,ChipSeal_P,pdi =13.21; sdi =13.82; age =8,mesh_cracks =1.87; shove =1; poth =1
314,9339,Weston Way,1999,2369,All,,,,,,,,,,ChipSeal_P,pdi =17.65; sdi =40.27; age =18,mesh_cracks =15.76; shove =0.17; poth =0.16,,,,,,,,,,,,,,,,,,,ChipSeal_P,pdi =85.6; sdi =1.23; age =6,mesh_cracks =85.6; shove =0; poth =0,,,,,,,,,,,,,,,,,,,ChipSeal_P,pdi =85.8; sdi =1.98; age =6,mesh_cracks =85.6; shove =0; poth =0,,,,,,,,,
315,26,Stud Road,0,205,All,,,,,,,,,,,,,,,,,,,,,,,,,,,,ChipSeal_P,pdi =30.72; sdi =53.48; age =17,mesh_cracks =6.44; shove =1.36; poth =0.45,,,,,,,,,,,,,,,,,,,,,,,,,ChipSeal_P,pdi =19.86; sdi =51.13; age =8,mesh_cracks =0; shove =0; poth =0,,,,,,
316,41,Huamanu Street,116,134,All,,,,,,,,,,,,,,,,,,,,,,,,,,,,,,,,,,,,,,,,,,,,,,,,,,,,,,,,,,,,,,,
317,23,Apple Orchard Lane,0,185,All,,,,,,,,,,,,,,,,,,,,,,,,,,,,,,,,,,,,,,,,,,,,,,ChipSeal_P,pdi =87.31; sdi =90.51; age =51,mesh_cracks =4.32; shove =1.77; poth =7.75,,,,,,,,,,,,,,,
318,7056,Dawick Street,0,78,All,,,,,,,,,,,,,,,,ChipSeal_P,pdi =4.33; sdi =5.28; age =12,mesh_cracks =0.53; shove =1.08; poth =0.25,,,,,,,,,,,,,,,,,,,,,,,,,,,,,,,,,,,,,,,,,,,,,
319,41,Huamanu Street,116,134,All,,,,,,,,,,,,,,,,,,,,,,,,,,,,,,,,,,,,,,,,,,,,,,,,,,,,,,,,,,,,,,,
320,36,Paneika Lane,370,391,All,,,,,,,,,,,,,,,,,,,,,,,,,,,,,,,,,,ChipSeal_P,pdi =46.49; sdi =48.31; age =30,mesh_cracks =3.14; shove =1.08; poth =3.97,,,,,,,,,,,,,,,,,,,,,,,,,,,
321,15,Fendall Close,736,814,All,,,,,,,ChipSeal_P,pdi =29.1; sdi =21.31; age =23,mesh_cracks =14.76; shove =5.41; poth =0.08,,,,,,,,,,,,,,,,,,,ChipSeal_P,pdi =102.72; sdi =44.3; age =6,mesh_cracks =85.6; shove =0; poth =0,,,,,,,,,,,,,,,,,,,ChipSeal_P,pdi =102.72; sdi =44.37; age =6,mesh_cracks =85.6; shove =0; poth =0,,,,,,,,,,,,
322,39,Ashlar Court,0,251,All,,,,,,,,,,,,,,,,,,,,,,,,,,,,ChipSeal_P,pdi =30.84; sdi =12.35; age =31,mesh_cracks =1.62; shove =19.96; poth =0.83,,,,,,,,,,,,,,,,,,,,,,,,,,,,,,,,,
323,4,Highfield Drive,0,71,All,,,,,,,,,,,,,,,,,,,,,,,,,,,,,,,,,,,,,ChipSeal_P,pdi =36.08; sdi =57.38; age =27,mesh_cracks =5.78; shove =1.17; poth =1.19,,,,,,,,,,,,,,,,,,,,,,,,
324,44,Dickins Lane,0,474,All,,,,,,,,,,,,,,,,,,,,,,ChipSeal_P,pdi =1.54; sdi =101.05; age =8,mesh_cracks =1.12; shove =0; poth =0,,,,,,,,,,,,,,,,,,,,,,,,,,,,,,,,,,,,,,,
325,917,Port Street East,21,396,All,,,,,,,,,,,,,,,,,,,ChipSeal_P,pdi =4.83; sdi =100; age =6,mesh_cracks =0; shove =4.83; poth =0,,,,,,,,,,,,,,,,,,,,,,,,,,,,,,,,,,,,,,,,,,
326,20,Burkes Creek Road,0,21,All,,,,,,,,,,,,,,,,ChipSeal_P,pdi =12.22; sdi =12.25; age =14,mesh_cracks =0.7; shove =1.25; poth =1,,,,,,,,,,,,,,,,,,,,,,,,,,,,ChipSeal_P,pdi =12.53; sdi =13.73; age =9,mesh_cracks =1.27; shove =1; poth =1,,,,,,,,,,,,,,,
327,9167,Foxglove Drive,0,668,All,,,,,,,,,,,,,,,,,,,,,,,,,,,,ChipSeal_P,pdi =5.04; sdi =67.78; age =21,mesh_cracks =1.19; shove =1.14; poth =0.25,,,,,,,,,,,,,,,,,,,,,,,,,,,,,,,,,
328,26,Stud Road,0,205,All,,,,,,,,,,,,,,,,,,,,,,,,,ChipSeal_P,pdi =14.92; sdi =26.8; age =16,mesh_cracks =1.91; shove =1.26; poth =0.35,,,,,,,,,,,,,,,,,,,,,,,,,ChipSeal_P,pdi =19.86; sdi =51.12; age =8,mesh_cracks =0; shove =0; poth =0,,,,,,,,,
329,28,Stirrup Lane,0,261,All,,,,,,,,,,ChipSeal_P,pdi =2.46; sdi =35.99; age =10,mesh_cracks =0.33; shove =1; poth =0.1,,,,,,,,,,,,,,,,,,,,,,,,,,,,,,,,,,,,,,,,,,,ChipSeal_P,pdi =11.73; sdi =14.09; age =14,mesh_cracks =1.44; shove =0; poth =1,,,,,,
330,44,Dickins Lane,0,474,All,,,,,,,,,,,,,,,,,,,,,,,,,,,,,,,ChipSeal_P,pdi =5.25; sdi =6.02; age =11,mesh_cracks =1.59; shove =1.08; poth =0.18,,,,,,,,,,,,,,,,,,,,,,,,,,,,,,
331,22,Sir John McKenzie Drive,0,530,All,,,,,,,,,,,,,,,,,,,,,,,,,,,,,,,,,,,,,ChipSeal_P,pdi =39.73; sdi =64.87; age =19,mesh_cracks =7.01; shove =1.97; poth =1.08,,,,,,,,,,,,,,,,,,,,,,,,
332,9339,Weston Way,1589,1999,All,,,,ChipSeal_P,pdi =2.38; sdi =4.68; age =16,mesh_cracks =0; shove =0; poth =0.08,,,,,,,,,,,,,,,,,,,,,,,,,ChipSeal_P,pdi =13.01; sdi =13.45; age =8,mesh_cracks =1.65; shove =1; poth =1,,,,,,,,,,,,,,,,,,,,,,,,,ChipSeal_P,pdi =13.18; sdi =13.76; age =8,mesh_cracks =1.85; shove =1; poth =1,,,
333,44,Dickins Lane,474,1091,All,,,,,,,,,,,,,,,,,,,,,,,,,,,,,,,,,,,,,,,,,,,ChipSeal_P,pdi =3.51; sdi =5.15; age =15,mesh_cracks =1.85; shove =0; poth =0,,,,,,,,,,,,,,,,,,
334,36,Paneika Lane,370,391,All,,,,,,,,,,,,,,,,,,,,,,,,,,,,ChipSeal_P,pdi =23.04; sdi =94.02; age =28,mesh_cracks =2.58; shove =0.81; poth =0.8,,,,,,,,,,,,,,,,,,,,,,,,,,,,,,,ChipSeal_P,pdi =20; sdi =51.48; age =10,mesh_cracks =0; shove =0; poth =0
335,917,Port Street East,874,1340,All,,,,,,,,,,,,,,,,,,,,,,,,,ChipSeal_P,pdi =21.27; sdi =39.36; age =26,mesh_cracks =1.6; shove =0.63; poth =0.63,,,,,,,,,,,,,,,,,,,,,,,,,,,,,,,,,,,,
336,27,Gallop Lane,0,116,All,,,,,,,,,,,,,,,,ChipSeal_P,pdi =4.36; sdi =5.31; age =12,mesh_cracks =0.55; shove =1.08; poth =0.25,,,,,,,,,,,,,,,,,,,,,,,,,,,,,,,,,,,,,,,,,,,,,
337,13,Puriri Dale Way,0,293,All,,,,,,,,,,,,,,,,,,,ChipSeal_P,pdi =6.57; sdi =6.83; age =23,mesh_cracks =1.11; shove =0.45; poth =0.44,,,,,,,,,,,,,,,,,,,,,,,,,,,,,,,,,,,,,,,,,,
338,8,Tarras Road,86,120,All,,,,,,,,,,,,,,,,,,,,,,,,,,,,,,,,,,,,,,,,,,,,,,,,,Preseal_AC,pdi =17.35; sdi =21.54; age =27,mesh_cracks =3.14; shove =1.76; poth =0.87,ThinAC_H,pdi =0; sdi =0; age =0,mesh_cracks =0; shove =0; poth =0,,,,,,,,,
339,24,George Noble Road,272,286,All,,,,,,,,,,,,,,,,,,,,,,,,,,,,,,,,,,,,,,,,,,,,,,,,,Preseal_AC,pdi =19.05; sdi =29.94; age =24,mesh_cracks =3.56; shove =1.44; poth =0.54,ThinAC_H,pdi =0; sdi =0; age =0,mesh_cracks =0; shove =0; poth =0,,,,,,,,,
340,13,Puriri Dale Way,0,293,All,,,,,,,,,,,,,,,,,,,,,,ChipSeal_P,pdi =8.44; sdi =8.89; age =24,mesh_cracks =1.47; shove =0.57; poth =0.55,,,,,,,,,,,,,,,,,,,,,,,,,,,,,,,,,,,,,,,
341,38,Tyler Place,0,279,All,,,,,,,,,,,,,,,,,,,,,,,,,,,,,,,ChipSeal_P,pdi =58.82; sdi =65.47; age =26,mesh_cracks =45.56; shove =1.03; poth =0.97,,,,,,,,,,,,,,,,,,,,,,,,,,,,,,
342,1037,Epiha Road Upper,0,415,All,,,,,,,,,,,,,,,,,,,,,,ChipSeal_P,pdi =32.32; sdi =56.61; age =16,mesh_cracks =1.66; shove =12.03; poth =0.57,,,,,,,,,,,,,,,,,,,ChipSeal_P,pdi =102.72; sdi =44.01; age =6,mesh_cracks =0; shove =85.6; poth =0,,,,,,,,,,,,,,,,,,
343,30,Curly McLeod Way,0,69,All,,,,,,,,,,ChipSeal_P,pdi =1.96; sdi =13.16; age =19,mesh_cracks =0.22; shove =0.15; poth =0.15,,,,,,,,,,,,,,,,,,,,,,,,,,,,,,,,,,,,,,,,,,,,,,ChipSeal_P,pdi =11.22; sdi =12.68; age =15,mesh_cracks =1; shove =0; poth =1,,,
344,20,Burkes Creek Road,697,765,All,,,,,,,,,,,,,,,,,,,,,,,,,,,,,,,,,,,,,,,,,,,,,,,,,,,,,,,ThinAC_P,pdi =83.53; sdi =90.26; age =27,mesh_cracks =10.82; shove =2.48; poth =6.05,,,,,,
345,7056,Dawick Street,78,88,All,,,,,,,,,,,,,,,,,,,,,,,,,,,,,,,,,,,,,,,,,,,,,,,,,,,,ThinAC_P,pdi =9.5; sdi =10.82; age =24,mesh_cracks =1.7; shove =1.43; poth =0.53,,,,,,,,,
346,29,Riroriro Road,122,139,All,,,,,,,,,,,,,,,,,,,,,,,,,,,,,,,,,,,,,,,,,,,,,,Preseal_AC,pdi =14.61; sdi =19.13; age =26,mesh_cracks =2.12; shove =1.65; poth =0.75,,,,,,,ThinAC_H,pdi =0.79; sdi =1.98; age =2,mesh_cracks =0; shove =0; poth =0,,,,,,
347,9,Kowhai Glen,0,305,All,,,,,,,,,,ChipSeal_P,pdi =5.07; sdi =8.52; age =36,mesh_cracks =0.24; shove =3.18; poth =0.15,,,,,,,,,,,,,,,,,,,,,,,,,,,,,,,,,,,,,,,,,,,,,,,,,,,
348,9167,Foxglove Drive,0,668,All,,,,,,,,,,,,,,,,,,,,,,ChipSeal_P,pdi =3.2; sdi =11.95; age =19,mesh_cracks =1; shove =1; poth =0.1,,,,,,,,,,,,,,,,,,,,,,,,,,,,,,,,,,,,,,,
349,15,Fendall Close,585,643,All,,,,,,,,,,,,,,,,ChipSeal_P,pdi =0.26; sdi =29.12; age =11,mesh_cracks =0; shove =0; poth =0,,,,,,,,,,,,,,,,,,,,,,,,,,,,,,,,,,ChipSeal_P,pdi =12.82; sdi =13.3; age =11,mesh_cracks =1.33; shove =1; poth =1,,,,,,,,,
350,9339,Weston Way,3398,3457,All,,,,,,,,,,,,,,,,,,,,,,,,,,,,ChipSeal_P,pdi =60.91; sdi =40.51; age =27,mesh_cracks =40.05; shove =0.8; poth =0.81,,,,,,,,,,,,,,,,,,,,,,,,,ChipSeal_P,pdi =119.18; sdi =49.66; age =8,mesh_cracks =99.32; shove =0; poth =0,,,,,,
351,1092,Bronte Road East,156,183,All,,,,,,,,,,,,,,,,,,,,,,,,,,,,,,,,,,,,,Preseal_AC,pdi =15.65; sdi =16.5; age =33,mesh_cracks =1.8; shove =1.14; poth =1.17,,,,,,,,,,ThinAC_H,pdi =1.24; sdi =0.59; age =3,mesh_cracks =1; shove =0; poth =0,,,,,,,,,,,,
352,15,Fendall Close,643,736,All,,,,,,,,,,,,,ChipSeal_P,pdi =3.78; sdi =4.64; age =10,mesh_cracks =0.67; shove =1.08; poth =0.18,,,,,,,,,,,,,,,,,,,,,,,,,ChipSeal_P,pdi =11.62; sdi =12.9; age =8,mesh_cracks =1.36; shove =0; poth =1,,,,,,,,,,,,,,,,,,,,,
353,44,Dickins Lane,474,1091,All,,,,,,,,,,,,,,,,,,,,,,,,,,,,,,,,,,,,,,,,,,,ChipSeal_P,pdi =3.51; sdi =5.15; age =15,mesh_cracks =1.85; shove =0; poth =0,,,,,,,,,,,,,,,,,,
354,13,Puriri Dale Way,0,293,All,,,,,,,,,,,,,,,,,,,,,,,,,,,,,,,ChipSeal_P,pdi =74.34; sdi =48.61; age =27,mesh_cracks =37.04; shove =17.72; poth =1.03,,,,,,,,,,,,,,,,,,,,,,,,,,,,,,
355,29,Riroriro Road,122,139,All,,,,,,,,,,,,,,,,,,,,,,,,,,,,,,,,,,,,,,,,,,,,,,,,,,,,,,,,,,,,,,,
356,917,Port Street East,1431,2115,All,,,,,,,,,,ChipSeal_P,pdi =9.11; sdi =10.64; age =18,mesh_cracks =0.21; shove =2.7; poth =0.46,,,,,,,,,,,,,,,,,,,,,,,,,,,,,,,,,,,,,,,,,,,,,,,,,ChipSeal_P,pdi =11.4; sdi =13.34; age =16,mesh_cracks =1.09; shove =0; poth =1
357,9339,Weston Way,2385,2696,All,,,,,,,,,,,,,,,,,,,ChipSeal_P,pdi =6.51; sdi =6.76; age =21,mesh_cracks =1.08; shove =0.45; poth =0.44,,,,,,,,,,,,,,,,,,,,,,,,,,,,,,,,,,ChipSeal_P,pdi =11.72; sdi =13.35; age =11,mesh_cracks =1.46; shove =0; poth =1,,,,,,
358,29,Riroriro Road,122,139,All,,,,,,,,,,,,,,,,,,,,,,,,,,,,,,,,,,,,,,,,,,,,,,,,,,,,,,,,,,,,,,,
359,36,Paneika Lane,370,391,All,,,,,,,,,,,,,,,,,,,ChipSeal_P,pdi =6.57; sdi =18.54; age =25,mesh_cracks =0.99; shove =0.45; poth =0.45,,,,,,,,,,,,,,,,,,,,,,,,,,,,,,,,,,,,,,,,,,
360,21,Tapeka Heights Lane,0,277,All,,,,,,,,,,,,,,,,ChipSeal_P,pdi =5.26; sdi =29.32; age =21,mesh_cracks =1; shove =0.36; poth =0.34,,,,,,,,,,,,,,,,,,,,,,,,,,,,,,,,,,,,,,,,,,,ChipSeal_P,pdi =12.38; sdi =15.89; age =14,mesh_cracks =2.02; shove =0; poth =1
361,6,Croatia Avenue,42,76,All,,,,,,,,,,,,,,,,,,,,,,,,,,,,,,,,,,,,,,,,,,,,,,,,,,,,,,,,,,,,,,,
362,917,Port Street East,0,21,All,,,,,,,,,,,,,,,,ChipSeal_P,pdi =10.96; sdi =4.18; age =23,mesh_cracks =0.49; shove =7.1; poth =0.32,,,,,,,,,,,,,,,,,,,,,,,,,,,,,,,ChipSeal_P,pdi =88.83; sdi =0; age =10,mesh_cracks =0; shove =88.83; poth =0,,,,,,,,,,,,
363,15,Fendall Close,0,438,All,,,,,,,,,,ChipSeal_P,pdi =11.82; sdi =67.02; age =13,mesh_cracks =0.53; shove =0.16; poth =0.15,,,,,,,,,,,,,,,,,,,ChipSeal_P,pdi =17.12; sdi =44.03; age =6,mesh_cracks =0; shove =0; poth =0,,,,,,,,,,,,,,,,,,,ChipSeal_P,pdi =18.12; sdi =44.05; age =6,mesh_cracks =1; shove =0; poth =0,,,,,,,,,
364,29,Riroriro Road,0,122,All,,,,,,,,,,,,,,,,,,,,,,,,,,,,ChipSeal_P,pdi =27.24; sdi =52.46; age =16,mesh_cracks =2.16; shove =1.46; poth =0.64,,,,,,,,,,,,,,,,,,,,,,,,,,,,,,,,,
365,9339,Weston Way,2385,2696,All,,,,,,,,,,,,,,,,,,,,,,,,,,,,ChipSeal_P,pdi =86.14; sdi =47.75; age =24,mesh_cracks =61.75; shove =0.91; poth =0.84,,,,,,,,,,,,,,,,,,,,,,,,,ChipSeal_P,pdi =119.18; sdi =51.17; age =8,mesh_cracks =99.32; shove =0; poth =0,,,,,,
366,9167,Foxglove Drive,0,668,All,,,,,,,,,,,,,,,,,,,,,,,,,,,,,,,,,,,,,,,,,,,,,,ChipSeal_P,pdi =30.02; sdi =55.97; age =27,mesh_cracks =2.23; shove =1.73; poth =0.84,,,,,,,,,,,,,,,
367,9,Kowhai Glen,0,305,All,,,,,,,,,,,,,,,,,,,ChipSeal_P,pdi =5.75; sdi =5.92; age =39,mesh_cracks =0.72; shove =0.43; poth =0.43,,,,,,,,,,,,,,,,,,,,,,,,,,,,,,,,,,,,,,,,,,
368,26,Stud Road,0,205,All,,,,,,,,,,,,,,,,,,,,,,,,,,,,ChipSeal_P,pdi =29.3; sdi =52.32; age =17,mesh_cracks =5.48; shove =1.36; poth =0.45,,,,,,,,,,,,,,,,,,,,,,,,,ChipSeal_P,pdi =19.86; sdi =51.13; age =8,mesh_cracks =0; shove =0; poth =0,,,,,,
369,20,Burkes Creek Road,21,520,All,,,,,,,,,,,,,,,,,,,ChipSeal_P,pdi =21.82; sdi =87.02; age =15,mesh_cracks =1.72; shove =1.35; poth =0.44,,,,,,,,,,,,,,,,,,,ChipSeal_P,pdi =17.12; sdi =44.02; age =6,mesh_cracks =0; shove =0; poth =0,,,,,,,,,,,,,,,,,,,,,
370,18,Monaghan Way,0,80,All,,,,,,,,,,,,,,,,,,,,,,,,,,,,,,,,,,,,,ChipSeal_P,pdi =116.52; sdi =55.03; age =17,mesh_cracks =92.17; shove =1.23; poth =0.34,,,,,,,,,,,,,,,,,,,,,,,,
371,20,Burkes Creek Road,697,765,All,,,,,,,,,,,,,,,,,,,,,,,,,,,,,,,,,,,,,,,,,,,,,,,,,ThinAC_P,pdi =29.03; sdi =108.3; age =25,mesh_cracks =7.5; shove =2.12; poth =1.2,,,,,,,,,,,,
372,22,Sir John McKenzie Drive,0,530,All,,,,,,,,,,,,,,,,,,,,,,ChipSeal_P,pdi =12.96; sdi =9.5; age =14,mesh_cracks =0.99; shove =6.03; poth =0.55,,,,,,,,,,,,,,,,,,,,,,,,,,,,,,,,,,,,,,,
373,9339,Weston Way,886,939,All,,,,,,,,,,,,,,,,,,,,,,,,,,,,,,,,,,,,,,,,,,,,,,,,,ThinAC_P,pdi =149.26; sdi =97.49; age =26,mesh_cracks =76.55; shove =2.79; poth =5.52,,,,,,,,,,,,
374,9339,Weston Way,3457,3675,All,,,,,,,,,,,,,,,,,,,,,,,,,,,,,,,,,,,,,,,,,,,,,,,,,,,,,,,,,,,,,,,
375,1013,Brook Street North,0,220,All,,,,,,,,,,,,,,,,,,,,,,ChipSeal_P,pdi =6.96; sdi =7.19; age =26,mesh_cracks =0.78; shove =0.52; poth =0.53,,,,,,,,,,,,,,,,,,,,,,,,,,,,,,,,,,,,,,,
376,11,Lower Ahu Ahu Road,158,179,All,,,,,,,,,,,,,,,,,,,,,,,,,,,,,,,,,,,,,,,,,,,,,,,,,,,,,,,,,,,,,,,
377,36,Paneika Lane,391,520,All,,,,,,,,,,,,,,,,,,,,,,,,,,,,,,,,,,,,,,,,,,,,,,,,,,,,,,,,,,,,,,,
378,37,Freemason Avenue,172,362,All,,,,,,,,,,ChipSeal_P,pdi =7.44; sdi =3.17; age =18,mesh_cracks =0.4; shove =5.3; poth =0.16,,,,,,,,,,,,,,,,,,,,,,,,,,,,,,,,,,,,,,,,,,,ChipSeal_P,pdi =13.23; sdi =15.4; age =14,mesh_cracks =1.78; shove =1.11; poth =1,,,,,,
379,1035,Cousins Avenue East,0,61,All,,,,,,,,,,,,,,,,,,,,,,,,,,,,,,,,,,,,,,,,,,,,,,,,,,,,,,,,,,,,,,,
380,9339,Weston Way,3114,3398,All,,,,,,,,,,,,,,,,,,,,,,,,,ChipSeal_P,pdi =24.91; sdi =55.13; age =23,mesh_cracks =3.13; shove =0.68; poth =0.68,,,,,,,,,,,,,,,,,,,,,,,,,ChipSeal_P,pdi =19.86; sdi =51.09; age =8,mesh_cracks =0; shove =0; poth =0,,,,,,,,,
381,15,Fendall Close,736,814,All,,,,,,,,,,,,,,,,ChipSeal_P,pdi =18.17; sdi =34.96; age =26,mesh_cracks =2.07; shove =0.36; poth =0.34,,,,,,,,,,,,,,,,,,,ChipSeal_P,pdi =18.12; sdi =44.33; age =6,mesh_cracks =1; shove =0; poth =0,,,,,,,,,,,,,,,,,,,ChipSeal_P,pdi =18.3; sdi =44.4; age =6,mesh_cracks =1.18; shove =0; poth =0,,,
382,4,Highfield Drive,0,71,All,,,,,,,,,,,,,,,,ChipSeal_P,pdi =4.35; sdi =15.09; age =20,mesh_cracks =0.52; shove =0.33; poth =0.33,,,,,,,,,,,,,,,,,,,,,,,,,,,,,,,,,,,,,,,,,,,,,
383,36,Paneika Lane,370,391,All,,,,,,,,,,,,,,,,,,,ChipSeal_P,pdi =6.21; sdi =6.42; age =25,mesh_cracks =0.94; shove =0.44; poth =0.44,,,,,,,,,,,,,,,,,,,,,,,,,,,,,,,,,,,,,,,,,,
384,7,Lumbarda Drive,0,152,All,,,,,,,,,,,,,,,,,,,,,,,,,,,,,,,,,,,,,,,,,,,,,,,,,Preseal_AC,pdi =14.64; sdi =18.98; age =23,mesh_cracks =1.67; shove =6.96; poth =0.43,ThinAC_H,pdi =0; sdi =0; age =0,mesh_cracks =0; shove =0; poth =0,,,,,,,,,
385,41,Huamanu Street,0,116,All,,,,,,,,,,,,,,,,,,,,,,,,,,,,,,,,,,,,,,,,,,,,,,,,,,,,,,,,,,,,,,,
386,27,Gallop Lane,0,116,All,,,,,,,,,,,,,,,,,,,,,,,,,,,,,,,,,,,,,ChipSeal_P,pdi =102.37; sdi =52.58; age =19,mesh_cracks =3.22; shove =73.12; poth =1.09,,,,,,,,,,,,,,,,,,,,,,,,
387,42,Te Manaki Street,0,377,All,,,,,,,,,,,,,,,,,,,,,,,,,,,,,,,,,,,,,ChipSeal_P,pdi =42.91; sdi =50.96; age =29,mesh_cracks =4.52; shove =11.65; poth =1.22,,,,,,,,,,,,,,,,,,,,,,,,
388,9339,Weston Way,2385,2696,All,,,,,,,,,,,,,,,,,,,,,,,,,ChipSeal_P,pdi =35.86; sdi =97.46; age =23,mesh_cracks =13.13; shove =0.69; poth =0.67,,,,,,,,,,,,,,,,,,,,,,,,,ChipSeal_P,pdi =119.18; sdi =51.16; age =8,mesh_cracks =99.32; shove =0; poth =0,,,,,,,,,
389,29,Riroriro Road,0,122,All,,,,,,,,,,,,,,,,,,,,,,ChipSeal_P,pdi =7.24; sdi =14.01; age =14,mesh_cracks =0.96; shove =1.33; poth =0.44,,,,,,,,,,,,,,,,,,,,,,,,,,,,,,,,,,,,,,,
390,917,Port Street East,1340,1431,All,,,,,,,,,,,,,,,,,,,,,,,,,,,,,,,,,,,,,ChipSeal_P,pdi =42.06; sdi =117.67; age =30,mesh_cracks =3.35; shove =12.96; poth =1.17,,,,,,,,,,,,,,,,,,,,,,,,
391,28,Stirrup Lane,0,261,All,,,,,,,,,,,,,,,,ChipSeal_P,pdi =4.85; sdi =5.8; age =12,mesh_cracks =0.78; shove =1.16; poth =0.26,,,,,,,,,,,,,,,,,,,,,,,,,,,,,,,,,,,,,,,,,,,ChipSeal_P,pdi =11.75; sdi =14.18; age =14,mesh_cracks =1.46; shove =0; poth =1
392,917,Port Street East,1340,1431,All,,,,,,,ChipSeal_P,pdi =0.91; sdi =0.92; age =20,mesh_cracks =0.1; shove =0.07; poth =0.07,,,,,,,,,,,,,,,,,,,,,,,,,,,,,,,,,,,,,,,,,,,,,,,,,ChipSeal_P,pdi =11.3; sdi =13.17; age =16,mesh_cracks =1.1; shove =0; poth =1,,,
393,6,Croatia Avenue,0,42,All,,,,,,,,,,,,,,,,ChipSeal_P,pdi =4.33; sdi =8.91; age =13,mesh_cracks =0.51; shove =1.08; poth =0.25,,,,,,,,,,,,,,,,,,,,,,,,,,,,,,,,,,,,,,,,,,,,,
394,1013,Brook Street North,0,220,All,,,,,,,ChipSeal_P,pdi =0.93; sdi =12.45; age =21,mesh_cracks =0.1; shove =0.07; poth =0.07,,,,,,,,,,,,,,,,,,,,,,,,,,,,,,,,,,,,,,,,,,,,,,ChipSeal_P,pdi =11.22; sdi =12.59; age =15,mesh_cracks =1; shove =0; poth =1,,,,,,
395,9339,Weston Way,2385,2696,All,,,,,,,ChipSeal_P,pdi =1.04; sdi =1.05; age =17,mesh_cracks =0.16; shove =0.08; poth =0.07,,,,,,,,,,,,,,,,,,,,,,,,,,,,,,,,,,ChipSeal_P,pdi =11.56; sdi =13.22; age =11,mesh_cracks =1.3; shove =0; poth =1,,,,,,,,,,,,,,,,,,
396,32,Karearea Lane,0,56,All,,,,,,,,,,,,,,,,,,,,,,,,,,,,,,,,,,,,,,,,,,,,,,,,,,,,,,,,,,,,,,,
397,20,Burkes Creek Road,0,21,All,,,,,,,,,,,,,,,,ChipSeal_P,pdi =41.53; sdi =39.4; age =14,mesh_cracks =22.99; shove =1.27; poth =0.35,,,,,,,,,,,,,,,,,,,ChipSeal_P,pdi =102.72; sdi =44.01; age =6,mesh_cracks =85.6; shove =0; poth =0,,,,,,,,,,,,,,,,,,,ChipSeal_P,pdi =102.72; sdi =44.04; age =6,mesh_cracks =85.6; shove =0; poth =0,,,
398,27,Gallop Lane,0,116,All,,,,,,,,,,,,,,,,ChipSeal_P,pdi =4.36; sdi =5.31; age =12,mesh_cracks =0.55; shove =1.08; poth =0.25,,,,,,,,,,,,,,,,,,,,,,,,,,,,,,,,,,,,,,,,,,,,,
399,15,Fendall Close,438,585,All,,,,,,,,,,,,,ChipSeal_P,pdi =6.08; sdi =3.32; age =10,mesh_cracks =3.98; shove =1; poth =0.1,,,,,,,,,,,,,,,,,,,,,,,,,,,,ChipSeal_P,pdi =11.2; sdi =11.99; age =9,mesh_cracks =1; shove =0; poth =1,,,,,,,,,,,,,,,,,,
400,38,Tyler Place,279,322,All,,,,,,,,,,,,,,,,,,,,,,,,,,,,,,,,,,,,,,,,,,,,,,,,,,,,,,,,,,,,,,,
401,44,Dickins Lane,474,1091,All,,,,,,,,,,,,,,,,,,,,,,,,,,,,,,,,,,,,,,,,,,,,,,ChipSeal_P,pdi =24.42; sdi =52.3; age =16,mesh_cracks =3.21; shove =0; poth =0.12,,,,,,,,,,,,,,,
402,917,Port Street East,2120,2350,All,,,,,,,ChipSeal_P,pdi =9.56; sdi =9.49; age =17,mesh_cracks =0.1; shove =1; poth =0.84,,,,,,,,,,,,,,,,,,,,,,,,,,,,,,,,,,,,,,,,,,,,,,,,,ChipSeal_P,pdi =11.29; sdi =13.05; age =16,mesh_cracks =1.09; shove =0; poth =1,,,
403,30,Curly McLeod Way,69,82,All,,,,,,,,,,,,,,,,,,,,,,,,,,,,,,,,,,,,,,,,,,,,,,,,,,,,,,,,,,,,,,,
404,974,Railway Terrace East,0,730,All,,,,,,,,,,,,,,,,,,,,,,,,,ChipSeal_P,pdi =15.74; sdi =90.08; age =17,mesh_cracks =1.22; shove =1.15; poth =0.25,,,,,,,,,,,,,,,,,,,,,,,,,,,,,,,,,,,,
405,16,Sarah Lane,0,515,All,,,,,,,,,,,,,,,,,,,,,,ChipSeal_P,pdi =13.17; sdi =66.94; age =22,mesh_cracks =6.51; shove =0.56; poth =0.55,,,,,,,,,,,,,,,,,,,,,,,,,,,,,,,,,,,,,,,
406,44,Dickins Lane,0,474,All,,,,,,,,,,,,,,,,,,,,,,,,,,,,,,,ChipSeal_P,pdi =5.25; sdi =6.02; age =11,mesh_cracks =1.59; shove =1.08; poth =0.18,,,,,,,,,,,,,,,,,,,,,,,,,,,,,,
407,20,Burkes Creek Road,765,1789,All,,,,,,,,,,,,,ChipSeal_P,pdi =7.5; sdi =13.72; age =15,mesh_cracks =0.53; shove =0.24; poth =0.24,,,,,,,,,,,,,,,,,,,,,,ChipSeal_P,pdi =19.89; sdi =48.67; age =7,mesh_cracks =1; shove =0; poth =0,,,,,,,,,,,,,,,,,,,ChipSeal_P,pdi =17.12; sdi =44.03; age =6,mesh_cracks =0; shove =0; poth =0,,,
408,27,Gallop Lane,0,116,All,,,,,,,,,,,,,,,,,,,,,,,,,,,,ChipSeal_P,pdi =41.53; sdi =11.71; age =16,mesh_cracks =1.39; shove =32.65; poth =0.67,,,,,,,,,,,,,,,,,,,,,,,,,,,,,,,,,
409,40,Bravery Road,0,278,All,,,,,,,,,,,,,,,,,,,,,,,,,,,,,,,,,,,,,,,,,,,,,,,,,,,,,,,,,,,,,,,
410,1035,Cousins Avenue East,0,61,All,,,,,,,,,,,,,,,,,,,,,,,,,,,,,,,,,,,,,,,,,,,,,,,,,,,,,,,,,,,,,,,
411,20,Burkes Creek Road,21,520,All,,,,,,,,,,,,,ChipSeal_P,pdi =4.4; sdi =4.4; age =13,mesh_cracks =0.49; shove =1.16; poth =0.26,,,,,,,,,,,,,,,,,,,,,,,,,,,,ChipSeal_P,pdi =12.53; sdi =13.73; age =9,mesh_cracks =1.27; shove =1; poth =1,,,,,,,,,,,,,,,,,,
412,44,Dickins Lane,0,474,All,,,,,,,,,,,,,,,,,,,,,,,,,,,,,,,ChipSeal_P,pdi =123.71; sdi =153.73; age =11,mesh_cracks =100; shove =1.16; poth =0.26,,,,,,,,,,,,,,,,,,,,,,,,,,,,,,
413,11,Lower Ahu Ahu Road,0,158,All,,,,,,,,,,,,,,,,,,,,,,,,,ChipSeal_P,pdi =8.62; sdi =9.88; age =15,mesh_cracks =1.2; shove =1.43; poth =0.53,,,,,,,,,,,,,,,,,,,,,,,,,,,,,,,,,,,,
414,15,Fendall Close,0,438,All,,,,,,,,,,,,,ChipSeal_P,pdi =3.41; sdi =4.38; age =14,mesh_cracks =0.53; shove =0.25; poth =0.24,,,,,,,,,,,,,,,,,,,,,,,,,ChipSeal_P,pdi =11.37; sdi =12.39; age =8,mesh_cracks =1.14; shove =0; poth =1,,,,,,,,,,,,,,,,,,,,,
415,19,Elm Close,0,82,All,,,,,,,,,,,,,,,,,,,,,,,,,,,,ChipSeal_P,pdi =57.19; sdi =100.02; age =14,mesh_cracks =2.07; shove =50.72; poth =0.35,,,,,,,,,,,,,,,,,,,,,,,,,,,,,,,,,
416,30,Curly McLeod Way,69,82,All,,,,,,,,,,,,,,,,,,,,,,,,,,,,,,,,,,,,,,,,,,,,,,,,,,,,,,,,,,,,,,,
417,9339,Weston Way,2696,3114,All,,,,,,,,,,,,,,,,,,,ChipSeal_P,pdi =50.07; sdi =39.32; age =21,mesh_cracks =26.42; shove =0.47; poth =1.3,,,,,,,,,,,,,,,,,,,ChipSeal_P,pdi =112.72; sdi =54.05; age =6,mesh_cracks =85.6; shove =0; poth =1,,,,,,,,,,,,,,,,,,,,,
418,37,Freemason Avenue,0,149,All,,,,,,,,,,,,,,,,,,,,,,ChipSeal_P,pdi =7.43; sdi =8.63; age =22,mesh_cracks =0.99; shove =0.54; poth =0.54,,,,,,,,,,,,,,,,,,,,,,,,,,,,,,,,,,,,,,,
419,9339,Weston Way,886,939,All,,,,,,,,,,,,,,,,,,,,,,,,,,,,,,,,,,,,,,,,,,,,,,,,,ThinAC_P,pdi =124.41; sdi =74.34; age =26,mesh_cracks =66.27; shove =18.43; poth =2.02,,,,,,,,,,,,
420,974,Railway Terrace East,0,730,All,,,,,,,,,,,,,,,,,,,,,,,,,,,,ChipSeal_P,pdi =20.51; sdi =41.49; age =18,mesh_cracks =1.65; shove =1.23; poth =0.33,,,,,,,,,,,,,,,,,,,,,,,,,,,,,,,,,
421,917,Port Street East,396,874,All,,,,,,,ChipSeal_P,pdi =2.26; sdi =4.27; age =20,mesh_cracks =0.11; shove =0.07; poth =0.07,,,,,,,,,,,,,,,,,,,,,,,,,,,,,,,,,,,,,,,,,,,,,,,,,ChipSeal_P,pdi =11.3; sdi =13.19; age =16,mesh_cracks =1.1; shove =0; poth =1,,,
422,18,Monaghan Way,0,80,All,,,,,,,,,,,,,,,,,,,,,,,,,,,,,,,,,,ChipSeal_P,pdi =5.33; sdi =5.91; age =16,mesh_cracks =1.29; shove =1.07; poth =0.25,,,,,,,,,,,,,,,,,,,,,,,,,,,
423,24,George Noble Road,272,286,All,,,,,,,,,,,,,,,,,,,,,,,,,,,,,,,,,,,,,,,,,,,,,,,,,,,,,,,,,,,,,,,
424,9339,Weston Way,886,939,All,,,,,,,,,,,,,,,,,,,,,,,,,,,,,,,,,,,,,,,,,,,,,,,,,ThinAC_P,pdi =66.58; sdi =62.73; age =26,mesh_cracks =28.26; shove =3.17; poth =2.04,,,,,,,,,,,,
425,43,Infantry Lane,0,95,All,,,,,,,,,,,,,,,,,,,,,,,,,,,,ChipSeal_P,pdi =32.55; sdi =10.88; age =27,mesh_cracks =23.27; shove =0.78; poth =0.79,,,,,,,,,,,,,,,,,,,,,,,,,,,,,,,,,
426,2,Fladgate Drive,0,565,All,,,,,,,,,,,,,,,,,,,,,,,,,,,,ChipSeal_P,pdi =24.82; sdi =43.08; age =29,mesh_cracks =2.75; shove =0.78; poth =0.78,,,,,,,,,,,,,,,,,,,,,,,,,,,,,,,,,
427,36,Paneika Lane,391,520,All,,,,,,,,,,,,,,,,,,,,,,,,,,,,,,,,,,,,,,,,,,,,,,,,,,,,,,,,,,,,,,,
428,9339,Weston Way,3457,3675,All,,,,,,,,,,,,,,,,,,,,,,,,,,,,,,,,,,,,,,,,,,,,,,,,,,,,,,,,,,,,,,,
429,15,Fendall Close,438,585,All,,,,ChipSeal_P,pdi =0; sdi =28.21; age =7,mesh_cracks =0; shove =0; poth =0,,,,,,,,,,,,,,,,,,,,,,,,,,,,ChipSeal_P,pdi =11.2; sdi =11.96; age =9,mesh_cracks =1; shove =0; poth =1,,,,,,,,,,,,,,,,,,,,,,,,,,,
430,38,Tyler Place,0,279,All,,,,,,,,,,,,,,,,,,,ChipSeal_P,pdi =6.5; sdi =6.75; age =22,mesh_cracks =1.07; shove =0.45; poth =0.44,,,,,,,,,,,,,,,,,,,,,,,,,,,,,,,,,,,,,,,,,,
431,40,Bravery Road,0,278,All,,,,,,,,,,,,,,,,,,,,,,,,,,,,,,,,,,,,,,,,,,,,,,,,,,,,,,,,,,,,,,,
432,20,Burkes Creek Road,21,520,All,,,,,,,,,,,,,,,,,,,ChipSeal_P,pdi =45.06; sdi =7.54; age =15,mesh_cracks =38.55; shove =1.4; poth =0.47,,,,,,,,,,,,,,,,,,,ChipSeal_P,pdi =85.6; sdi =1.22; age =6,mesh_cracks =85.6; shove =0; poth =0,,,,,,,,,,,,,,,,,,,,,
433,9339,Weston Way,2696,3114,All,,,,,,,ChipSeal_P,pdi =10.42; sdi =9.41; age =17,mesh_cracks =0.19; shove =6.08; poth =0.08,,,,,,,,,,,,,,,,,,,ChipSeal_P,pdi =18.31; sdi =44.03; age =6,mesh_cracks =0; shove =1.19; poth =0,,,,,,,,,,,,,,,,,,,ChipSeal_P,pdi =18.12; sdi =44.26; age =6,mesh_cracks =1; shove =0; poth =0,,,,,,,,,,,,
434,917,Port Street East,396,874,All,,,,,,,,,,ChipSeal_P,pdi =7.63; sdi =7.63; age =21,mesh_cracks =0.22; shove =0.15; poth =0.72,,,,,,,,,,,,,,,,,,,,,,,,,,,,,,,,,,,,,,,,,,,,,,,,,,,
435,9,Kowhai Glen,0,305,All,,,,,,,,,,,,,,,,,,,,,,,,,,,,ChipSeal_P,pdi =22.92; sdi =46.8; age =42,mesh_cracks =1.99; shove =0.77; poth =0.78,,,,,,,,,,,,,,,,,,,,,,,,,,,,,,,,,
436,917,Port Street East,1340,1431,All,,,,,,,ChipSeal_P,pdi =0.91; sdi =0.92; age =20,mesh_cracks =0.1; shove =0.07; poth =0.07,,,,,,,,,,,,,,,,,,,,,,,,,,,,,,,,,,,,,,,,,,,,,,,,,ChipSeal_P,pdi =11.3; sdi =13.17; age =16,mesh_cracks =1.1; shove =0; poth =1,,,
437,36,Paneika Lane,370,391,All,,,,,,,,,,,,,,,,ChipSeal_P,pdi =10.29; sdi =29.4; age =24,mesh_cracks =6.27; shove =0.34; poth =0.34,,,,,,,,,,,,,,,,,,,,,,,,,,,,,,,,,,,,,,,,,,,ChipSeal_P,pdi =11.54; sdi =13.76; age =14,mesh_cracks =1.28; shove =0; poth =1
438,19,Elm Close,0,82,All,,,,,,,,,,,,,ChipSeal_P,pdi =5.65; sdi =58.44; age =9,mesh_cracks =1.13; shove =0; poth =0.44,,,,,,,,,,,,,,,,,,,,,,,,,,,,,,,,,,,,,,,,,,,,,,ChipSeal_P,pdi =11.47; sdi =13.36; age =15,mesh_cracks =1.22; shove =0; poth =1
439,20,Burkes Creek Road,21,520,All,,,,,,,,,,ChipSeal_P,pdi =7.87; sdi =7.84; age =12,mesh_cracks =0.3; shove =1.08; poth =0.64,,,,,,,,,,,,,,,,,,,,,,,,,,,,ChipSeal_P,pdi =12.52; sdi =13.71; age =9,mesh_cracks =1.27; shove =1; poth =1,,,,,,,,,,,,,,,,,,,,,
440,20,Burkes Creek Road,697,765,All,,,,,,,,,,,,,,,,,,,,,,,,,,,,,,,,,,,,,,,,,,,,,,,,,ThinAC_P,pdi =65.98; sdi =81.41; age =25,mesh_cracks =12.3; shove =22.21; poth =1.4,,,,,,,,,,,,
441,9339,Weston Way,2385,2696,All,,,,,,,,,,,,,,,,,,,ChipSeal_P,pdi =6.51; sdi =6.76; age =21,mesh_cracks =1.08; shove =0.45; poth =0.44,,,,,,,,,,,,,,,,,,,,,,,,,,,,,,,,,,ChipSeal_P,pdi =11.72; sdi =13.35; age =11,mesh_cracks =1.46; shove =0; poth =1,,,,,,
442,15,Fendall Close,438,585,All,,,,ChipSeal_P,pdi =5.79; sdi =34.7; age =7,mesh_cracks =3.74; shove =0; poth =0,,,,,,,,,,,,,,,,,,,ChipSeal_P,pdi =11.69; sdi =30.22; age =6,mesh_cracks =0; shove =0; poth =0,,,,,,,,,,,,,,,,,,,ChipSeal_P,pdi =17.12; sdi =43.8; age =6,mesh_cracks =0; shove =0; poth =0,,,,,,,,,,,,,,,
443,9339,Weston Way,3114,3398,All,,,,,,,,,,ChipSeal_P,pdi =2.11; sdi =2.14; age =18,mesh_cracks =0.3; shove =0.16; poth =0.15,,,,,,,,,,,,,,,,,,,,,,,,,,,,,,,,,,ChipSeal_P,pdi =11.5; sdi =12.93; age =11,mesh_cracks =1.25; shove =0; poth =1,,,,,,,,,,,,,,,
444,25,Founders Lane,0,597,All,,,,,,,,,,,,,,,,,,,,,,,,,,,,,,,,,,,,,ChipSeal_P,pdi =23.58; sdi =50; age =13,mesh_cracks =3.58; shove =0; poth =0,,,,,,,,,,,,,,,,,,,,,,,,
445,20,Burkes Creek Road,549,697,All,,,,,,,,,,,,,ChipSeal_P,pdi =3.27; sdi =3.34; age =15,mesh_cracks =0.46; shove =0.24; poth =0.24,,,,,,,,,,,,,,,,,,,,,,,,,,,,ChipSeal_P,pdi =12.5; sdi =12.64; age =9,mesh_cracks =1.25; shove =1; poth =1,,,,,,,,,,,,,,,,,,
446,2,Fladgate Drive,0,565,All,,,,,,,,,,,,,,,,,,,,,,,,,,,,,,,,,,,,,ChipSeal_P,pdi =99.24; sdi =66.12; age =32,mesh_cracks =57.66; shove =1.28; poth =2.47,,,,,,,,,,,,,,,,,,,,,,,,
447,32,Karearea Lane,0,56,All,,,,,,,,,,,,,,,,,,,,,,,,,,,,,,,,,,,,,,,,,,,,,,,,,,,,,,,,,,,,,,,
448,1013,Brook Street North,0,220,All,,,,,,,,,,ChipSeal_P,pdi =1.94; sdi =1.99; age =22,mesh_cracks =0.21; shove =0.15; poth =0.15,,,,,,,,,,,,,,,,,,,,,,,,,,,,,,,,,,,,,,,,,,,,,,ChipSeal_P,pdi =11.22; sdi =12.6; age =15,mesh_cracks =1; shove =0; poth =1,,,
449,18,Monaghan Way,0,80,All,,,,,,,,,,,,,,,,,,,ChipSeal_P,pdi =0.26; sdi =52; age =11,mesh_cracks =0; shove =0; poth =0,,,,,,,,,,,,,,,,,,,,,,,,,,,,,,,,,,,,,,,,,,
450,13,Puriri Dale Way,0,293,All,,,,ChipSeal_P,pdi =10.16; sdi =37.41; age =18,mesh_cracks =0; shove =0; poth =1.02,,,,,,,,,,,,,,,,,,,,,,,,,,,,,,,,,,,,,,,,,,,ChipSeal_P,pdi =11.76; sdi =14.25; age =14,mesh_cracks =1.47; shove =0; poth =1,,,,,,,,,,,,
451,9339,Weston Way,3398,3457,All,,,,,,,,,,,,,,,,,,,,,,,,,ChipSeal_P,pdi =18.32; sdi =33.62; age =26,mesh_cracks =1.21; shove =0.64; poth =0.65,,,,,,,,,,,,,,,,,,,,,,,,,ChipSeal_P,pdi =19.86; sdi =49.66; age =8,mesh_cracks =0; shove =0; poth =0,,,,,,,,,
452,15,Fendall Close,585,643,All,,,,,,,,,,,,,,,,,,,,,,,,,ChipSeal_P,pdi =71.2; sdi =92.33; age =14,mesh_cracks =70.81; shove =0; poth =0,,,,,,,,,,,,,,,,,,,ChipSeal_P,pdi =85.84; sdi =0.59; age =6,mesh_cracks =85.6; shove =0; poth =0,,,,,,,,,,,,,,,
453,35,Leicester Place,0,660,All,,,,,,,,,,,,,,,,,,,,,,,,,,,,,,,,,,,,,,,,ChipSeal_P,pdi =15.22; sdi =128.76; age =14,mesh_cracks =4.15; shove =0; poth =0,,,,,,,,,,,,,,,,,,,,,
454,1092,Bronte Road East,0,156,All,,,,,,,,,,,,,,,,ChipSeal_P,pdi =4.18; sdi =17.44; age =24,mesh_cracks =0.44; shove =0.32; poth =0.33,,,,,,,,,,,,,,,,,,,,,,,,,,,,,,,,,,,,,,,,,,,,,
455,21,Tapeka Heights Lane,0,277,All,,,,,,,,,,,,,,,,,,,,,,ChipSeal_P,pdi =9.34; sdi =9.96; age =23,mesh_cracks =1.91; shove =0.58; poth =0.56,,,,,,,,,,,,,,,,,,,,,,,,,,,,,,,,,,,,,,,
456,9339,Weston Way,886,939,All,,,,,,,,,,,,,,,,,,,,,,,,,,,,,,,,,,,,,,,,,,,,,,,,,ThinAC_P,pdi =64.76; sdi =60.9; age =26,mesh_cracks =28.26; shove =3.17; poth =1.86,,,,,,,,,,,,
457,917,Port Street East,2120,2350,All,,,,,,,,,,,,,,,,,,,,,,,,,,,,,,,ChipSeal_P,pdi =32.48; sdi =71.74; age =25,mesh_cracks =21.51; shove =1.79; poth =0.88,,,,,,,,,,,,,,,,,,,,,,,,,,,,,,
458,9167,Foxglove Drive,0,668,All,,,,,,,,,,,,,,,,,,,,,,,,,,,,ChipSeal_P,pdi =5.04; sdi =5.36; age =21,mesh_cracks =1.19; shove =1.14; poth =0.25,,,,,,,,,,,,,,,,,,,,,,,,,,,,,,,,,
459,9339,Weston Way,1999,2369,All,,,,ChipSeal_P,pdi =2.07; sdi =0; age =16,mesh_cracks =2.07; shove =0; poth =0,,,,,,,,,,,,,,,,,,,,,,,,,ChipSeal_P,pdi =11.36; sdi =12.37; age =8,mesh_cracks =1.14; shove =0; poth =1,,,,,,,,,,,,,,,,,,,,,,,,,ChipSeal_P,pdi =11.58; sdi =12.8; age =8,mesh_cracks =1.32; shove =0; poth =1,,,
460,9339,Weston Way,2385,2696,All,,,,ChipSeal_P,pdi =0.71; sdi =19.52; age =16,mesh_cracks =0; shove =0; poth =0,,,,,,,,,,,,,,,,,,,,,,,,,,,,,,,,,,ChipSeal_P,pdi =11.55; sdi =13.19; age =11,mesh_cracks =1.29; shove =0; poth =1,,,,,,,,,,,,,,,,,,,,,
461,24,George Noble Road,0,272,All,,,,,,,,,,,,,,,,,,,,,,,,,,,,ChipSeal_P,pdi =32.33; sdi =130.33; age =17,mesh_cracks =5.94; shove =1.58; poth =0.66,,,,,,,,,,,,,,,,,,,,,,,,,,,,,,,,,
462,917,Port Street East,874,1340,All,,,,,,,ChipSeal_P,pdi =0.91; sdi =0.92; age =20,mesh_cracks =0.1; shove =0.07; poth =0.07,,,,,,,,,,,,,,,,,,,,,,,,,,,,,,,,,,,,,,,,,,,,,,,,,ChipSeal_P,pdi =11.39; sdi =13.19; age =16,mesh_cracks =1.19; shove =0; poth =1,,,
463,917,Port Street East,396,874,All,,,,,,,ChipSeal_P,pdi =0.91; sdi =0.92; age =20,mesh_cracks =0.1; shove =0.07; poth =0.07,,,,,,,,,,,,,,,,,,,,,,,,,,,,,,,,,,,,,,,,,,,,,,,,,ChipSeal_P,pdi =11.3; sdi =13.19; age =16,mesh_cracks =1.1; shove =0; poth =1,,,
464,29,Riroriro Road,0,122,All,,,,,,,,,,,,,,,,,,,,,,,,,,,,,,,ChipSeal_P,pdi =32.76; sdi =59.9; age =17,mesh_cracks =3.99; shove =1.58; poth =0.76,,,,,,,,,,,,,,,,,,,,,,,,,,,,,,
465,43,Infantry Lane,0,95,All,,,,,,,,,,,,,,,,,,,,,,,,,,,,ChipSeal_P,pdi =18.1; sdi =30.09; age =27,mesh_cracks =1.3; shove =0.75; poth =0.77,,,,,,,,,,,,,,,,,,,,,,,,,,,,,,,,,
466,10,Upper Ahu Ahu Road,46,68,All,,,,,,,,,,,,,,,,,,,,,,,,,,,,,,,,,,,,,,,,Preseal_AC,pdi =18.57; sdi =20.97; age =24,mesh_cracks =2.82; shove =2.05; poth =1.17,,,,,,,ThinAC_H,pdi =0.47; sdi =1.17; age =2,mesh_cracks =0; shove =0; poth =0,,,,,,,,,,,,
467,10,Upper Ahu Ahu Road,0,46,All,,,,,,,,,,,,,,,,,,,,,,,,,,,,ChipSeal_P,pdi =19.85; sdi =40.98; age =25,mesh_cracks =1.55; shove =0.77; poth =0.78,,,,,,,,,,,,,,,,,,,,,,,,,,,,,,,,,
468,1092,Bronte Road East,0,156,All,,,,,,,,,,,,,,,,,,,ChipSeal_P,pdi =5.47; sdi =54.34; age =25,mesh_cracks =0.58; shove =0.42; poth =0.43,,,,,,,,,,,,,,,,,,,,,,,,,,,,,,,,,,,,,,,,,,
469,20,Burkes Creek Road,697,765,All,,,,,,,,,,,,,,,,,,,,,,,,,,,,,,,,,,,,,,,,,,,,,,,,,,,,ThinAC_P,pdi =118.04; sdi =42.36; age =26,mesh_cracks =90.91; shove =2.65; poth =1.59,,,,,,,,,
470,3,Matai Way,0,557,All,,,,,,,,,,ChipSeal_P,pdi =2.01; sdi =5.79; age =21,mesh_cracks =0.24; shove =0.15; poth =0.15,,,,,,,,,,,,,,,,,,,,,,,,,,,,,,,,,,,,,,,,,,,,,,ChipSeal_P,pdi =11.35; sdi =13.13; age =15,mesh_cracks =1.1; shove =0; poth =1,,,
471,3,Matai Way,0,557,All,,,,,,,,,,,,,,,,,,,,,,,,,,,,,,,ChipSeal_P,pdi =52.83; sdi =13.77; age =28,mesh_cracks =41.39; shove =0.96; poth =0.95,,,,,,,,,,,,,,,,,,,,,,,,,,,,,,
472,917,Port Street East,1340,1431,All,,,,,,,,,,,,,ChipSeal_P,pdi =2.95; sdi =2.96; age =22,mesh_cracks =0.34; shove =0.23; poth =0.23,,,,,,,,,,,,,,,,,,,,,,,,,,,,,,,,,,,,,,,,,,,,,,,,
473,7056,Dawick Street,0,78,All,,,,,,,,,,,,,,,,,,,,,,,,,,,,,,,ChipSeal_P,pdi =89.9; sdi =108.96; age =17,mesh_cracks =77.52; shove =1.71; poth =0.8,,,,,,,,,,,,,,,,,,,,,,,,,,,,,,
474,28,Stirrup Lane,0,261,All,,,,,,,,,,,,,,,,,,,,,,,,,,,,ChipSeal_P,pdi =60.8; sdi =14.39; age =16,mesh_cracks =50.58; shove =1.64; poth =0.68,,,,,,,,,,,,,,,,,,,,,,,,,,,,,,,,,
475,28,Stirrup Lane,0,261,All,,,,,,,,,,,,,,,,,,,,,,,,,,,,ChipSeal_P,pdi =30.32; sdi =14.41; age =16,mesh_cracks =2.33; shove =19.39; poth =0.69,,,,,,,,,,,,,,,,,,,,,,,,,,,,,,,,,
476,40,Bravery Road,0,278,All,,,,,,,,,,,,,,,,,,,,,,,,,,,,,,,,,,,,,,,,,,,,,,,,,,,,,,,,,,,,,,,
477,9339,Weston Way,814,886,All,,,,,,,,,,,,,,,,,,,,,,,,,,,,,,,,,,,,,,,,,,,,,,,,,,,,,,,,,,,,,,,
478,15,Fendall Close,585,643,All,,,,,,,,,,,,,,,,ChipSeal_P,pdi =0.27; sdi =15.19; age =11,mesh_cracks =0; shove =0; poth =0,,,,,,,,,,,,,,,,,,,,,,,,,,,,,,,,,,ChipSeal_P,pdi =12.82; sdi =13.3; age =11,mesh_cracks =1.33; shove =1; poth =1,,,,,,,,,
479,9167,Foxglove Drive,0,668,All,,,,,,,,,,,,,,,,,,,,,,,,,,,,ChipSeal_P,pdi =5.04; sdi =5.36; age =21,mesh_cracks =1.19; shove =1.14; poth =0.25,,,,,,,,,,,,,,,,,,,,,,,,,,,,,,,,,
480,917,Port Street East,2120,2350,All,,,,ChipSeal_P,pdi =12.74; sdi =11.74; age =16,mesh_cracks =1; shove =0; poth =1.17,,,,,,,,,,,,,,,,,,,,,,,,,,,,,,,,,,,,,,,,,,,ChipSeal_P,pdi =10; sdi =11.24; age =14,mesh_cracks =0; shove =0; poth =1,,,,,,,,,,,,
481,9339,Weston Way,1999,2369,All,,,,,,,ChipSeal_P,pdi =1.03; sdi =13.26; age =17,mesh_cracks =0.15; shove =0.08; poth =0.07,,,,,,,,,,,,,,,,,,,,,,,,,ChipSeal_P,pdi =11.37; sdi =12.38; age =8,mesh_cracks =1.14; shove =0; poth =1,,,,,,,,,,,,,,,,,,,,,,,,,ChipSeal_P,pdi =11.59; sdi =12.82; age =8,mesh_cracks =1.33; shove =0; poth =1
482,7056,Dawick Street,0,78,All,,,,,,,,,,,,,,,,,,,,,,,,,,,,,,,ChipSeal_P,pdi =68.43; sdi =71.09; age =17,mesh_cracks =11.96; shove =29.73; poth =0.8,,,,,,,,,,,,,,,,,,,,,,,,,,,,,,
483,9,Kowhai Glen,0,305,All,,,,,,,,,,,,,,,,,,,ChipSeal_P,pdi =5.75; sdi =5.92; age =39,mesh_cracks =0.72; shove =0.43; poth =0.43,,,,,,,,,,,,,,,,,,,,,,,,,,,,,,,,,,,,,,,,,,
484,22,Sir John McKenzie Drive,0,530,All,,,,,,,,,,,,,,,,ChipSeal_P,pdi =10.24; sdi =11.27; age =12,mesh_cracks =0.59; shove =1.16; poth =0.83,,,,,,,,,,,,,,,,,,,,,,,,,,,,,,,,,,,,,,,,,,,,,
485,27,Gallop Lane,0,116,All,,,,,,,ChipSeal_P,pdi =0.15; sdi =16.27; age =9,mesh_cracks =0.11; shove =0; poth =0,,,,,,,,,,,,,,,,,,,,,,,,,,,,,,,,,,,,,,,,,,,,,,ChipSeal_P,pdi =11.35; sdi =13.15; age =15,mesh_cracks =1.11; shove =0; poth =1,,,,,,
486,20,Burkes Creek Road,21,520,All,,,,,,,,,,ChipSeal_P,pdi =9.46; sdi =3.23; age =12,mesh_cracks =6.51; shove =1.08; poth =0.18,,,,,,,,,,,,,,,,,,,,,,,,,,,,ChipSeal_P,pdi =12.52; sdi =13.71; age =9,mesh_cracks =1.27; shove =1; poth =1,,,,,,,,,,,,,,,,,,,,,
487,20,Burkes Creek Road,21,520,All,,,,,,,,,,,,,ChipSeal_P,pdi =4.4; sdi =4.4; age =13,mesh_cracks =0.49; shove =1.16; poth =0.26,,,,,,,,,,,,,,,,,,,,,,,,,,,,ChipSeal_P,pdi =12.53; sdi =13.73; age =9,mesh_cracks =1.27; shove =1; poth =1,,,,,,,,,,,,,,,,,,
488,37,Freemason Avenue,0,149,All,,,,,,,,,,,,,,,,,,,,,,,,,,,,,,,,,,,,,ChipSeal_P,pdi =31.68; sdi =98.47; age =27,mesh_cracks =4.25; shove =1.19; poth =1.2,,,,,,,,,,,,,,,,,,,,,,,,
489,30,Curly McLeod Way,69,82,All,,,,,,,,,,,,,,,,,,,,,,,,,,,,,,,,,,,,,,,,,,,,,,,,,,,,,,,,,,,,,,,
490,20,Burkes Creek Road,21,520,All,,,,,,,,,,,,,,,,ChipSeal_P,pdi =20.37; sdi =40.76; age =14,mesh_cracks =1.37; shove =1.25; poth =0.34,,,,,,,,,,,,,,,,,,,ChipSeal_P,pdi =17.12; sdi =44.02; age =6,mesh_cracks =0; shove =0; poth =0,,,,,,,,,,,,,,,,,,,ChipSeal_P,pdi =18.12; sdi =44.04; age =6,mesh_cracks =1; shove =0; poth =0,,,
491,36,Paneika Lane,0,370,All,,,,,,,,,,,,,,,,,,,,,,,,,,,,,,,,,,,,,,,,,,,,,,,,,,,,,,,,,,,,,,,
492,39,Ashlar Court,0,251,All,,,,,,,,,,,,,,,,,,,ChipSeal_P,pdi =8.4; sdi =62.49; age =28,mesh_cracks =0.84; shove =0.44; poth =0.67,,,,,,,,,,,,,,,,,,,,,,,,,,,,,,,,,,,,,,,,,,
493,16,Sarah Lane,0,515,All,,,,,,,,,,,,,,,,,,,,,,,,,,,,,,,,,,,,,,,,,,,,,,ChipSeal_P,pdi =48.26; sdi =54.31; age =30,mesh_cracks =6.42; shove =1.85; poth =3.35,,,,,,,,,,,,,,,
494,917,Port Street East,396,874,All,,,,,,,,,,ChipSeal_P,pdi =4.42; sdi =9.61; age =21,mesh_cracks =0.22; shove =2.64; poth =0.15,,,,,,,,,,,,,,,,,,,,,,,,,,,,,,,,,,,,,,,,,,,,,,,,,,,
495,44,Dickins Lane,474,1091,All,,,,,,,,,,,,,,,,,,,,,,,,,,,,,,,,,,,,,,,,,,,,,,ChipSeal_P,pdi =104.18; sdi =7.53; age =16,mesh_cracks =100; shove =1; poth =0.1,,,,,,,,,,,,,,,
496,19,Elm Close,0,82,All,,,,,,,,,,,,,,,,,,,,,,ChipSeal_P,pdi =4.92; sdi =5.07; age =12,mesh_cracks =1.64; shove =1.07; poth =0.17,,,,,,,,,,,,,,,,,,,,,,,,,,,,,,,,,,,,,,,
497,8,Tarras Road,86,120,All,,,,,,,,,,,,,,,,,,,,,,,,,,,,,,,,,,,,,,,,,,,,,,,,,,,,,,,,,,,,,,,
498,9339,Weston Way,1051,1219,All,,,,,,,ChipSeal_P,pdi =1.13; sdi =1.12; age =17,mesh_cracks =0.22; shove =0.08; poth =0.08,,,,,,,,,,,,,,,,,,,,,,,,,ChipSeal_P,pdi =11.87; sdi =13.13; age =8,mesh_cracks =1.6; shove =0; poth =1,,,,,,,,,,,,,,,,,,,,,,,,,ChipSeal_P,pdi =13.09; sdi =13.58; age =8,mesh_cracks =1.77; shove =1; poth =1
499,38,Tyler Place,279,322,All,,,,,,,,,,,,,,,,,,,,,,,,,,,,,,,,,,,,,,,,,,,,,,,,,,,,,,,,,,,,,,,
