file_section_id,file_section_name,file_loc_from,file_loc_to,file_lane_name,elem_index,treatment,treat_category,budget_category,period,period_calendar,forced,follow_up,treatment_cost,treatment_qty,treatment_comment,treatment_reason,is_committed
10,Upper Ahu Ahu Road,0,46,All,14,ChipSeal_P,Preserve,Mono,1,2024,True,False,3680,368,committed import,committed,True
32,Karearea Lane,84,154,All,74,ChipSeal_P,Preserve,Mono,1,2024,True,False,7920,792,committed import,committed,True
32,Karearea Lane,154,820,All,75,ChipSeal_P,Preserve,Mono,1,2024,True,False,77210,7721,committed import,committed,True
9339,Weston Way,1999,2369,All,314,ChipSeal_P,Preserve,Mono,1,2024,False,False,48630,4863,mesh_cracks =11.16; shove =0; poth =0,pdi =11.16; sdi =27.58; age =16,False
9339,Weston Way,1051,1219,All,197,ChipSeal_P,Preserve,Mono,1,2024,False,False,37300,3730,mesh_cracks =0; shove =0; poth =0,pdi =2.67; sdi =22.01; age =16,False
9339,Weston Way,1999,2369,All,146,Preseal_CS,Holding,Mono,1,2024,False,False,48630,48630,mesh_cracks =15.63; shove =0; poth =0,pdi =15.63; sdi =0; age =16,False
15,Fendall Close,0,438,All,363,ChipSeal_P,Preserve,Mono,1,2024,False,False,54800,5480,mesh_cracks =0; shove =0; poth =0,pdi =6.24; sdi =41.76; age =11,False
15,Fendall Close,0,438,All,226,Preseal_CS,Holding,Mono,1,2024,False,False,54800,54800,mesh_cracks =0; shove =10.29; poth =0,pdi =17.17; sdi =17.2; age =11,False
20,Burkes Creek Road,765,1789,All,123,ChipSeal_P,Preserve,Mono,1,2024,False,False,133120,13312,mesh_cracks =0; shove =0; poth =0,pdi =0; sdi =25.91; age =12,False
13,Puriri Dale Way,0,293,All,354,Preseal_CS,Holding,Mono,1,2024,False,False,20256,20256,mesh_cracks =6.51; shove =9.31; poth =0,pdi =16.24; sdi =6.83; age =18,False
15,Fendall Close,736,814,All,321,RehabCS_UH,Rehab_cs,Mono,1,2024,False,False,352600,1763,mesh_cracks =10.57; shove =4.95; poth =0,pdi =21.96; sdi =16.09; age =22,False
16,Sarah Lane,0,515,All,405,ChipSeal_P,Preserve,Mono,1,2024,False,False,46020,4602,mesh_cracks =2.6; shove =0; poth =0,pdi =2.6; sdi =28.72; age =16,False
1035,Cousins Avenue East,0,61,All,410,RehabAC_UL,Rehab_ac,Mono,1,2024,False,False,68320,427,mesh_cracks =19.11; shove =0; poth =1.17,pdi =30.85; sdi =11.74; age =28,False
9339,Weston Way,2696,3114,All,417,Preseal_CS,Holding,Mono,1,2024,False,False,52470,52470.00000000001,mesh_cracks =8.57; shove =0; poth =0.59,pdi =17.77; sdi =14.17; age =16,False
39,Ashlar Court,0,251,All,492,ChipSeal_P,Preserve,Mono,1,2024,False,False,21080,2108,mesh_cracks =0; shove =0; poth =0.04,pdi =0.41; sdi =33.87; age =23,False
9339,Weston Way,886,939,All,373,RehabAC_UH,Rehab_ac,Mono,1,2024,False,False,292560,1219,mesh_cracks =11.36; shove =0; poth =1.19,pdi =23.23; sdi =11.87; age =11,False
917,Port Street East,1340,1431,All,390,ChipSeal_P,Preserve,Mono,1,2024,False,False,4870,487,mesh_cracks =0; shove =6.25; poth =0,pdi =11.75; sdi =40.68; age =19,False
1092,Bronte Road East,0,156,All,468,ChipSeal_P,Preserve,Mono,1,2024,False,False,12480,1248,mesh_cracks =0; shove =0; poth =0,pdi =0; sdi =28.1; age =20,False
32,Karearea Lane,84,154,All,259,Preseal_CS,Holding,Mono,1,2024,False,False,4752,4752,mesh_cracks =15.66; shove =0; poth =0,pdi =17.57; sdi =4.79; age =28,False
7056,Dawick Street,0,78,All,473,Preseal_CS,Holding,Mono,1,2024,False,False,3840,3840,mesh_cracks =15.91; shove =0; poth =0,pdi =16.22; sdi =27.71; age =8,False
9339,Weston Way,814,886,All,107,RehabAC_UH,Rehab_ac,Mono,1,2024,False,False,397200,1655,mesh_cracks =7.18; shove =7.17; poth =0,pdi =21.93; sdi =18.94; age =22,False
3,Matai Way,0,557,All,471,Preseal_CS,Holding,Mono,1,2024,False,False,30744,30744,mesh_cracks =15.72; shove =0; poth =0,pdi =15.72; sdi =0; age =19,False
37,Freemason Avenue,0,149,All,488,ChipSeal_P,Preserve,Mono,1,2024,False,False,19370,1937,mesh_cracks =0; shove =0; poth =0,pdi =3.73; sdi =23.78; age =16,False
9339,Weston Way,2696,3114,All,246,Preseal_CS,Holding,Mono,1,2024,False,False,52470,52470.00000000001,mesh_cracks =7.38; shove =0; poth =1.13,pdi =18.63; sdi =11.25; age =16,False
9339,Weston Way,2385,2696,All,460,ChipSeal_P,Preserve,Mono,1,2024,False,False,39190,3919,mesh_cracks =0; shove =0; poth =0,pdi =0.71; sdi =19.52; age =16,False
32,Karearea Lane,0,56,All,447,RehabAC_UL,Rehab_ac,Mono,1,2024,False,False,98560,616,mesh_cracks =19.61; shove =0; poth =0,pdi =19.61; sdi =21.27; age =28,False
9339,Weston Way,1999,2369,All,481,ChipSeal_P,Preserve,Mono,1,2024,False,False,48630,4863,mesh_cracks =0; shove =0; poth =0,pdi =0; sdi =11.26; age =16,False
917,Port Street East,2120,2350,All,457,ChipSeal_P,Preserve,Mono,1,2024,False,False,13340,1334,mesh_cracks =9.69; shove =0; poth =0,pdi =9.69; sdi =21.25; age =16,False
16,Sarah Lane,0,515,All,174,ChipSeal_P,Preserve,Mono,1,2024,False,False,46020,4602,mesh_cracks =0; shove =0; poth =0.96,pdi =10.97; sdi =18.92; age =16,False
4,Highfield Drive,0,71,All,301,Preseal_CS,Holding,Mono,1,2024,False,False,2982,2982,mesh_cracks =17.25; shove =0; poth =0,pdi =18.25; sdi =2.49; age =16,False
32,Karearea Lane,0,56,All,172,Preseal_AC,Holding,Mono,1,2024,False,False,4928,4928,mesh_cracks =14.86; shove =0; poth =0,pdi =19.05; sdi =10.47; age =28,False
9339,Weston Way,814,886,All,32,RMaint,Maintenance,Mono,1,2024,False,False,572.89,572.8907828316218,mesh_cracks =6; shove =0; poth =0,pdi =6.04; sdi =0.1; age =22,False
30,Curly McLeod Way,69,82,All,72,RMaint,Maintenance,Mono,1,2024,False,False,21.23,21.229585386412715,mesh_cracks =5.5; shove =0; poth =0,pdi =5.72; sdi =0.55; age =39,False
23,Apple Orchard Lane,0,185,All,106,RMaint,Maintenance,Mono,1,2024,False,False,431.39,431.3931492609148,mesh_cracks =0; shove =0; poth =0,pdi =7.85; sdi =19.63; age =37,False
6,Croatia Avenue,0,42,All,119,RMaint,Maintenance,Mono,1,2024,False,False,117.72,117.71777257164072,mesh_cracks =18.2; shove =0; poth =0.07,pdi =18.87; sdi =0.67; age =9,False
1092,Bronte Road East,156,183,All,130,RMaint,Maintenance,Mono,1,2024,False,False,36.59,36.58772691178402,mesh_cracks =0; shove =0; poth =0,pdi =5.27; sdi =13.17; age =22,False
10,Upper Ahu Ahu Road,46,68,All,136,RMaint,Maintenance,Mono,1,2024,False,False,40.81,40.80645773215087,mesh_cracks =0; shove =0; poth =0,pdi =7.12; sdi =17.8; age =12,False
9339,Weston Way,1999,2369,All,146,ChipSeal_H,Holding,Mono,2,2025,True,False,48630,4863,mesh_cracks =0; shove =0; poth =0,pdi =0; sdi =0; age =0,False
32,Karearea Lane,0,56,All,172,ThinAC_H,Holding,Mono,2,2025,True,False,30800,616,mesh_cracks =0; shove =0; poth =0,pdi =0; sdi =0; age =0,False
15,Fendall Close,0,438,All,226,ChipSeal_H,Holding,Mono,2,2025,True,False,54800,5480,mesh_cracks =0; shove =0; poth =0,pdi =0; sdi =0; age =0,False
9339,Weston Way,2696,3114,All,246,ChipSeal_H,Holding,Mono,2,2025,True,False,52470,5247,mesh_cracks =0; shove =0; poth =0,pdi =0; sdi =0; age =0,False
32,Karearea Lane,84,154,All,259,ChipSeal_H,Holding,Mono,2,2025,True,False,7920,792,mesh_cracks =0; shove =0; poth =0,pdi =0; sdi =0; age =0,False
4,Highfield Drive,0,71,All,301,ChipSeal_H,Holding,Mono,2,2025,True,False,4970,497,mesh_cracks =0; shove =0; poth =0,pdi =0; sdi =0; age =0,False
13,Puriri Dale Way,0,293,All,354,ChipSeal_H,Holding,Mono,2,2025,True,False,33760,3376,mesh_cracks =0; shove =0; poth =0,pdi =0; sdi =0; age =0,False
9339,Weston Way,2696,3114,All,417,ChipSeal_H,Holding,Mono,2,2025,True,False,52470,5247,mesh_cracks =0; shove =0; poth =0,pdi =0; sdi =0; age =0,False
3,Matai Way,0,557,All,471,ChipSeal_H,Holding,Mono,2,2025,True,False,51240,5124,mesh_cracks =0; shove =0; poth =0,pdi =0; sdi =0; age =0,False
7056,Dawick Street,0,78,All,473,ChipSeal_H,Holding,Mono,2,2025,True,False,6400,640,mesh_cracks =0; shove =0; poth =0,pdi =0; sdi =0; age =0,False
15,Fendall Close,736,814,All,381,ChipSeal_P,Preserve,Mono,2,2025,False,False,17630,1763,mesh_cracks =0.32; shove =0.08; poth =0.08,pdi =9.22; sdi =21.09; age =23,False
1037,Epiha Road Upper,0,415,All,183,ChipSeal_P,Preserve,Mono,2,2025,False,False,37350,3735,mesh_cracks =0.13; shove =1; poth =0.1,pdi =2.18; sdi =30.42; age =11,False
20,Burkes Creek Road,21,520,All,369,ChipSeal_P,Preserve,Mono,2,2025,False,False,66140,6614,mesh_cracks =0.22; shove =1; poth =0.1,pdi =10.59; sdi =42.61; age =11,False
20,Burkes Creek Road,21,520,All,432,Preseal_CS,Holding,Mono,2,2025,False,False,66140,66140.00000000001,mesh_cracks =17.09; shove =1; poth =0.1,pdi =19.14; sdi =1.22; age =11,False
1037,Epiha Road Upper,0,415,All,342,Preseal_CS,Holding,Mono,2,2025,False,False,37350,37350,mesh_cracks =0.17; shove =8.01; poth =0.1,pdi =14.88; sdi =25.26; age =11,False
1,Conifer Close,0,378,All,132,Preseal_CS,Holding,Mono,2,2025,False,False,22680,22680,mesh_cracks =2.57; shove =4.56; poth =0.9,pdi =16.19; sdi =9.22; age =11,False
9339,Weston Way,1237,1589,All,231,ChipSeal_P,Preserve,Mono,2,2025,False,False,45420,4542,mesh_cracks =0.23; shove =0.08; poth =0.08,pdi =1.16; sdi =8.7; age =17,False
20,Burkes Creek Road,549,697,All,262,Preseal_CS,Holding,Mono,2,2025,False,False,19240,19240,mesh_cracks =14.31; shove =0.08; poth =0.08,pdi =15.45; sdi =1.67; age =13,False
27,Gallop Lane,0,116,All,386,Preseal_CS,Holding,Mono,2,2025,False,False,5706,5706.000000000001,mesh_cracks =0.13; shove =14.58; poth =0,pdi =17.81; sdi =7.78; age =9,False
11,Lower Ahu Ahu Road,0,158,All,255,Preseal_CS,Holding,Mono,2,2025,False,False,7584,7584,mesh_cracks =0.18; shove =0; poth =0.69,pdi =15.86; sdi =72.41; age =9,False
42,Te Manaki Street,0,377,All,148,ChipSeal_P,Preserve,Mono,2,2025,False,False,30160,3016,mesh_cracks =0.19; shove =0.07; poth =0.07,pdi =9.43; sdi =27.3; age =19,False
38,Tyler Place,0,279,All,341,Preseal_CS,Holding,Mono,2,2025,False,False,12054,12054,mesh_cracks =14.26; shove =0.08; poth =0.08,pdi =15.17; sdi =20.27; age =18,False
9339,Weston Way,2385,2696,All,365,RehabCS_UM,Rehab_cs,Mono,2,2025,False,False,627040,3919,mesh_cracks =21.47; shove =0.08; poth =0.08,pdi =29.82; sdi =19.67; age =17,False
9339,Weston Way,1999,2369,All,249,ChipSeal_P,Preserve,Mono,2,2025,False,False,48630,4863,mesh_cracks =0.15; shove =0.08; poth =0.07,pdi =1.03; sdi =8.91; age =17,False
23,Apple Orchard Lane,0,185,All,187,RehabCS_UL,Rehab_cs,Mono,2,2025,False,False,222000,1850,mesh_cracks =17.06; shove =0.08; poth =0.08,pdi =24.99; sdi =46.28; age =38,False
917,Port Street East,874,1340,All,335,ChipSeal_P,Preserve,Mono,2,2025,False,False,23300,2330,mesh_cracks =0.14; shove =0.07; poth =0.07,pdi =8.55; sdi =19.9; age =20,False
9339,Weston Way,2385,2696,All,214,ChipSeal_P,Preserve,Mono,2,2025,False,False,39190,3919,mesh_cracks =12; shove =0.08; poth =0.08,pdi =12.9; sdi =18.72; age =17,False
7056,Dawick Street,0,78,All,482,Preseal_CS,Holding,Mono,2,2025,False,False,7680,7680,mesh_cracks =3.35; shove =8.97; poth =0,pdi =20.37; sdi =27.84; age =9,False
38,Tyler Place,334,389,All,191,RehabCS_UL,Rehab_cs,Mono,2,2025,False,False,69960,583,mesh_cracks =23.32; shove =0.08; poth =0.08,pdi =24.25; sdi =1.09; age =33,False
4,Highfield Drive,0,71,All,323,ChipSeal_P,Preserve,Mono,2,2025,False,False,4970,497,mesh_cracks =0.17; shove =0.07; poth =0.07,pdi =10.18; sdi =23.89; age =17,False
21,Tapeka Heights Lane,0,277,All,360,ChipSeal_P,Preserve,Mono,2,2025,False,False,36010,3601,mesh_cracks =0.19; shove =0.08; poth =0.08,pdi =1.09; sdi =18.08; age =18,False
917,Port Street East,2120,2350,All,480,Preseal_CS,Holding,Mono,2,2025,False,False,6670,6670,mesh_cracks =1.14; shove =1; poth =1.29,pdi =15.02; sdi =13.91; age =17,False
7056,Dawick Street,0,78,All,296,Preseal_CS,Holding,Mono,2,2025,False,False,7680,7680,mesh_cracks =20.89; shove =0; poth =0,pdi =20.93; sdi =0.1; age =9,False
38,Tyler Place,334,389,All,224,RehabCS_UL,Rehab_cs,Mono,2,2025,False,False,69960,583,mesh_cracks =12.14; shove =0.08; poth =1.23,pdi =24.62; sdi =12.63; age =33,False
9339,Weston Way,3398,3457,All,350,RehabCS_UM,Rehab_cs,Mono,2,2025,False,False,118880,743,mesh_cracks =17.29; shove =0.08; poth =0.08,pdi =23.99; sdi =16.52; age =20,False
917,Port Street East,1431,2115,All,271,Preseal_CS,Holding,Mono,2,2025,False,False,19025,19025,mesh_cracks =0.12; shove =6.66; poth =0.1,pdi =14.61; sdi =19.07; age =17,False
16,Sarah Lane,0,515,All,232,ChipSeal_P,Preserve,Mono,2,2025,False,False,46020,4602,mesh_cracks =0.13; shove =0.07; poth =1.29,pdi =13.2; sdi =14.15; age =17,False
21,Tapeka Heights Lane,0,277,All,204,Preseal_CS,Holding,Mono,2,2025,False,False,21606,21606,mesh_cracks =5.7; shove =0.08; poth =0.74,pdi =13.26; sdi =7.74; age =18,False
1092,Bronte Road East,0,156,All,454,ChipSeal_P,Preserve,Mono,2,2025,False,False,12480,1248,mesh_cracks =0.09; shove =0.07; poth =0.07,pdi =0.92; sdi =11.91; age =21,False
32,Karearea Lane,84,154,All,166,Preseal_CS,Holding,Mono,2,2025,False,False,4752,4752,mesh_cracks =0.1; shove =12.13; poth =0.08,pdi =13.02; sdi =0.99; age =29,False
9339,Weston Way,814,886,All,32,RMaint,Maintenance,Mono,2,2025,False,False,940.84,940.8401276244238,mesh_cracks =7.9; shove =0.08; poth =0.08,pdi =8.82; sdi =1.08; age =23,False
30,Curly McLeod Way,69,82,All,72,RMaint,Maintenance,Mono,2,2025,False,False,33.99,33.99362328076346,mesh_cracks =6.34; shove =0.07; poth =0.07,pdi =7.43; sdi =1.6; age =40,False
37,Freemason Avenue,172,362,All,103,RMaint,Maintenance,Mono,2,2025,False,False,2068.96,2068.95980880865,mesh_cracks =0.26; shove =0.08; poth =0.08,pdi =7.04; sdi =15.72; age =17,False
30,Curly McLeod Way,69,82,All,118,RMaint,Maintenance,Mono,2,2025,False,False,31.28,31.278642974002214,mesh_cracks =0.12; shove =0.07; poth =0.07,pdi =5.88; sdi =13.27; age =40,False
6,Croatia Avenue,0,42,All,119,RMaint,Maintenance,Mono,2,2025,False,False,128.06,128.05777837969137,mesh_cracks =23.71; shove =0; poth =0.07,pdi =24.42; sdi =0.76; age =10,False
7056,Dawick Street,78,88,All,170,RMaint,Maintenance,Mono,2,2025,False,False,26.77,26.768385148614463,mesh_cracks =8.8; shove =0; poth =0,pdi =14.68; sdi =14.69; age =9,False
1,Conifer Close,0,378,All,132,ChipSeal_H,Holding,Mono,3,2026,True,False,37800,3780,mesh_cracks =0; shove =0; poth =0,pdi =0; sdi =0; age =0,False
32,Karearea Lane,84,154,All,166,ChipSeal_H,Holding,Mono,3,2026,True,False,7920,792,mesh_cracks =0; shove =0; poth =0,pdi =0; sdi =0; age =0,False
21,Tapeka Heights Lane,0,277,All,204,ChipSeal_H,Holding,Mono,3,2026,True,False,36010,3601,mesh_cracks =0; shove =0; poth =0,pdi =0; sdi =0; age =0,False
11,Lower Ahu Ahu Road,0,158,All,255,ChipSeal_H,Holding,Mono,3,2026,True,False,12640,1264,mesh_cracks =0; shove =0; poth =0,pdi =0; sdi =0; age =0,False
20,Burkes Creek Road,549,697,All,262,ChipSeal_H,Holding,Mono,3,2026,True,False,19240,1924,mesh_cracks =0; shove =0; poth =0,pdi =0; sdi =0; age =0,False
917,Port Street East,1431,2115,All,271,ChipSeal_H,Holding,Mono,3,2026,True,False,38050,3805,mesh_cracks =0; shove =0; poth =0,pdi =0; sdi =0; age =0,False
7056,Dawick Street,0,78,All,296,ChipSeal_H,Holding,Mono,3,2026,True,False,6400,640,mesh_cracks =0; shove =0; poth =0,pdi =0; sdi =0; age =0,False
15,Fendall Close,736,814,All,321,SecondCoat,Preserve,Mono,3,2026,True,False,17630,1763,mesh_cracks =1; shove =1; poth =1,pdi =12.2; sdi =12.5; age =1,False
38,Tyler Place,0,279,All,341,ChipSeal_H,Holding,Mono,3,2026,True,False,20090,2009,mesh_cracks =0; shove =0; poth =0,pdi =0; sdi =0; age =0,False
1037,Epiha Road Upper,0,415,All,342,ChipSeal_H,Holding,Mono,3,2026,True,False,37350,3735,mesh_cracks =0; shove =0; poth =0,pdi =0; sdi =0; age =0,False
27,Gallop Lane,0,116,All,386,ChipSeal_H,Holding,Mono,3,2026,True,False,9510,951,mesh_cracks =0; shove =0; poth =0,pdi =0; sdi =0; age =0,False
20,Burkes Creek Road,21,520,All,432,ChipSeal_H,Holding,Mono,3,2026,True,False,66140,6614,mesh_cracks =0; shove =0; poth =0,pdi =0; sdi =0; age =0,False
917,Port Street East,2120,2350,All,480,ChipSeal_H,Holding,Mono,3,2026,True,False,13340,1334,mesh_cracks =0; shove =0; poth =0,pdi =0; sdi =0; age =0,False
7056,Dawick Street,0,78,All,482,ChipSeal_H,Holding,Mono,3,2026,True,False,6400,640,mesh_cracks =0; shove =0; poth =0,pdi =0; sdi =0; age =0,False
9339,Weston Way,886,939,All,419,Preseal_AC,Holding,Mono,3,2026,False,False,14628,14628,mesh_cracks =0.84; shove =7.55; poth =0.1,pdi =18.89; sdi =24.93; age =13,False
15,Fendall Close,585,643,All,452,RehabCS_UH,Rehab_cs,Mono,3,2026,False,False,146200,731,mesh_cracks =28.02; shove =0; poth =0,pdi =28.22; sdi =55.14; age =9,False
15,Fendall Close,438,585,All,305,ChipSeal_P,Preserve,Mono,3,2026,False,False,18520,1852,mesh_cracks =1.09; shove =0; poth =0,pdi =1.15; sdi =20.79; age =9,False
1038,Gossey Drive North,1319,1723,All,138,RehabCS_UH,Rehab_cs,Mono,3,2026,False,False,727200,3636,mesh_cracks =22.87; shove =3.97; poth =0.18,pdi =39.71; sdi =30.62; age =12,False
29,Riroriro Road,0,122,All,304,ChipSeal_P,Preserve,Mono,3,2026,False,False,7560,756,mesh_cracks =0.31; shove =0; poth =0.1,pdi =9.24; sdi =68.81; age =10,False
28,Stirrup Lane,0,261,All,474,Preseal_CS,Holding,Mono,3,2026,False,False,15348,15348,mesh_cracks =15.74; shove =1; poth =0.1,pdi =17.87; sdi =2.42; age =10,False
9339,Weston Way,814,886,All,477,Preseal_AC,Holding,Mono,3,2026,False,False,19860,19860,mesh_cracks =0.48; shove =12.02; poth =0.16,pdi =14.34; sdi =2.45; age =24,False
20,Burkes Creek Road,765,1789,All,173,Preseal_CS,Holding,Mono,3,2026,False,False,133120,133120,mesh_cracks =12.75; shove =0.16; poth =0.16,pdi =14.59; sdi =2.16; age =14,False
39,Ashlar Court,0,251,All,322,Preseal_CS,Holding,Mono,3,2026,False,False,12648,12648,mesh_cracks =0.27; shove =12.93; poth =0.16,pdi =14.89; sdi =2.16; age =25,False
9339,Weston Way,2385,2696,All,388,Preseal_CS,Holding,Mono,3,2026,False,False,31352,31352.000000000004,mesh_cracks =2.38; shove =0.16; poth =0.15,pdi =14.71; sdi =56.58; age =18,False
29,Riroriro Road,0,122,All,293,Preseal_CS,Holding,Mono,3,2026,False,False,4536,4536.000000000001,mesh_cracks =15.69; shove =1; poth =0.1,pdi =19.38; sdi =6.24; age =10,False
20,Burkes Creek Road,697,765,All,469,Preseal_AC,Holding,Mono,3,2026,False,False,21216,21216,mesh_cracks =24.5; shove =0; poth =0,pdi =24.6; sdi =0.27; age =12,False
917,Port Street East,2120,2350,All,300,ChipSeal_P,Preserve,Mono,3,2026,False,False,13340,1334,mesh_cracks =0.3; shove =1.07; poth =0.17,pdi =13.32; sdi =29.4; age =18,False
9339,Weston Way,1237,1589,All,125,ChipSeal_P,Preserve,Mono,3,2026,False,False,45420,4542,mesh_cracks =0.53; shove =0.17; poth =0.16,pdi =2.5; sdi =4.63; age =18,False
23,Apple Orchard Lane,0,185,All,106,ChipSeal_P,Preserve,Mono,3,2026,False,False,18500,1850,mesh_cracks =0.39; shove =0.15; poth =0.15,pdi =11.9; sdi =26.43; age =39,False
2,Fladgate Drive,0,565,All,446,RehabCS_UL,Rehab_cs,Mono,3,2026,False,False,508560,4238,mesh_cracks =18.3; shove =0.16; poth =0.44,pdi =31.18; sdi =25.53; age =23,False
3,Matai Way,0,557,All,278,Preseal_CS,Holding,Mono,3,2026,False,False,30744,30744,mesh_cracks =0.24; shove =0.15; poth =1.4,pdi =14.47; sdi =14.52; age =21,False
15,Fendall Close,643,736,All,30,RMaint,Maintenance,Mono,3,2026,False,False,1665.49,1665.4945604615332,mesh_cracks =3.16; shove =1; poth =0.1,pdi =5.66; sdi =3.34; age =9,False
9339,Weston Way,814,886,All,32,RMaint,Maintenance,Mono,3,2026,False,False,1056.63,1056.6261955253867,mesh_cracks =10.32; shove =0.17; poth =0.16,pdi =12.17; sdi =2.14; age =24,False
20,Burkes Creek Road,765,1789,All,173,ChipSeal_H,Holding,Mono,4,2027,True,False,133120,13312,mesh_cracks =0; shove =0; poth =0,pdi =0; sdi =0; age =0,False
3,Matai Way,0,557,All,278,ChipSeal_H,Holding,Mono,4,2027,True,False,51240,5124,mesh_cracks =0; shove =0; poth =0,pdi =0; sdi =0; age =0,False
29,Riroriro Road,0,122,All,293,ChipSeal_H,Holding,Mono,4,2027,True,False,7560,756,mesh_cracks =0; shove =0; poth =0,pdi =0; sdi =0; age =0,False
39,Ashlar Court,0,251,All,322,ChipSeal_H,Holding,Mono,4,2027,True,False,21080,2108,mesh_cracks =0; shove =0; poth =0,pdi =0; sdi =0; age =0,False
9339,Weston Way,2385,2696,All,388,ChipSeal_H,Holding,Mono,4,2027,True,False,39190,3919,mesh_cracks =0; shove =0; poth =0,pdi =0; sdi =0; age =0,False
9339,Weston Way,886,939,All,419,ThinAC_H,Holding,Mono,4,2027,True,False,60950,1219,mesh_cracks =0; shove =0; poth =0,pdi =0; sdi =0; age =0,False
20,Burkes Creek Road,697,765,All,469,ThinAC_H,Holding,Mono,4,2027,True,False,44200,884,mesh_cracks =0; shove =0; poth =0,pdi =0; sdi =0; age =0,False
28,Stirrup Lane,0,261,All,474,ChipSeal_H,Holding,Mono,4,2027,True,False,25580,2558,mesh_cracks =0; shove =0; poth =0,pdi =0; sdi =0; age =0,False
9339,Weston Way,814,886,All,477,ThinAC_H,Holding,Mono,4,2027,True,False,82750,1655,mesh_cracks =0; shove =0; poth =0,pdi =0; sdi =0; age =0,False
9339,Weston Way,1589,1999,All,199,Preseal_CS,Holding,Mono,4,2027,False,False,54530,54530.00000000001,mesh_cracks =14.22; shove =0.27; poth =0.25,pdi =17.41; sdi =4.05; age =19,False
20,Burkes Creek Road,21,520,All,490,Preseal_CS,Holding,Mono,4,2027,False,False,66140,66140.00000000001,mesh_cracks =0.92; shove =1.16; poth =0.26,pdi =17.61; sdi =36.35; age =13,False
15,Fendall Close,643,736,All,152,ChipSeal_P,Preserve,Mono,4,2027,False,False,19020,1902,mesh_cracks =0.83; shove =1.08; poth =0.18,pdi =9.59; sdi =18.77; age =10,False
9339,Weston Way,814,886,All,32,Preseal_AC,Holding,Mono,4,2027,False,False,19860,19860,mesh_cracks =13.24; shove =0.27; poth =0.25,pdi =16.13; sdi =3.31; age =25,False
19,Elm Close,0,82,All,415,Preseal_CS,Holding,Mono,4,2027,False,False,3048,3048.0000000000005,mesh_cracks =1.13; shove =16.64; poth =0,pdi =17.93; sdi =58.11; age =9,False
27,Gallop Lane,0,116,All,237,Preseal_CS,Holding,Mono,4,2027,False,False,5706,5706.000000000001,mesh_cracks =0.67; shove =1.07; poth =0.17,pdi =17.56; sdi =45.42; age =11,False
22,Sir John McKenzie Drive,0,530,All,331,ChipSeal_P,Preserve,Mono,4,2027,False,False,42930,4293,mesh_cracks =0.66; shove =1.08; poth =0.18,pdi =16.79; sdi =37.22; age =11,False
37,Freemason Avenue,172,362,All,103,ChipSeal_P,Preserve,Mono,4,2027,False,False,19000,1900,mesh_cracks =0.97; shove =0.25; poth =0.24,pdi =12.91; sdi =26.91; age =19,False
15,Fendall Close,0,438,All,253,ChipSeal_P,Preserve,Mono,4,2027,False,False,54800,5480,mesh_cracks =0.66; shove =0.25; poth =0.24,pdi =9.72; sdi =19.83; age =14,False
37,Freemason Avenue,0,149,All,155,ChipSeal_P,Preserve,Mono,4,2027,False,False,19370,1937,mesh_cracks =0.54; shove =0.24; poth =0.24,pdi =11.08; sdi =23.59; age =19,False
24,George Noble Road,0,272,All,461,Preseal_CS,Holding,Mono,4,2027,False,False,13266,13266.000000000002,mesh_cracks =0.92; shove =1.08; poth =0.17,pdi =16.64; sdi =78.77; age =12,False
42,Te Manaki Street,0,377,All,387,Preseal_CS,Holding,Mono,4,2027,False,False,18096,18096,mesh_cracks =0.53; shove =6.01; poth =0.24,pdi =16.24; sdi =21.09; age =21,False
15,Fendall Close,643,736,All,30,ChipSeal_P,Preserve,Mono,4,2027,False,False,19020,1902,mesh_cracks =3.76; shove =1.08; poth =0.18,pdi =7.34; sdi =5.81; age =10,False
41,Huamanu Street,0,116,All,308,RehabAC_UL,Rehab_ac,Mono,4,2027,False,False,154080,963,mesh_cracks =0.37; shove =0.23; poth =1.87,pdi =19.41; sdi =19.49; age =39,False
9339,Weston Way,2696,3114,All,433,Preseal_CS,Holding,Mono,4,2027,False,False,52470,52470.00000000001,mesh_cracks =0.68; shove =6.81; poth =0.25,pdi =16; sdi =18.06; age =19,False
20,Burkes Creek Road,765,1789,All,407,ChipSeal_P,Preserve,Mono,4,2027,False,False,133120,13312,mesh_cracks =0.53; shove =0.24; poth =0.24,pdi =7.5; sdi =13.72; age =15,False
974,Railway Terrace East,0,730,All,195,Preseal_CS,Holding,Mono,4,2027,False,False,80910,80910,mesh_cracks =30.3; shove =0; poth =0,pdi =38.15; sdi =19.61; age =13,False
20,Burkes Creek Road,697,765,All,344,Preseal_AC,Holding,Mono,4,2027,False,False,10608,10608,mesh_cracks =0.46; shove =0; poth =1.52,pdi =15.89; sdi =16.7; age =13,False
29,Riroriro Road,0,122,All,186,Preseal_CS,Holding,Mono,4,2027,False,False,4536,4536.000000000001,mesh_cracks =3.82; shove =1.07; poth =1.1,pdi =16.04; sdi =13.46; age =11,False
917,Port Street East,2120,2350,All,270,ChipSeal_P,Preserve,Mono,4,2027,False,False,13340,1334,mesh_cracks =0.38; shove =1.15; poth =0.25,pdi =9.59; sdi =18.67; age =19,False
9,Kowhai Glen,0,305,All,176,ChipSeal_P,Preserve,Mono,4,2027,False,False,27740,2774,mesh_cracks =0.42; shove =0.24; poth =1.07,pdi =14.55; sdi =19.16; age =37,False
13,Puriri Dale Way,0,293,All,450,Preseal_CS,Holding,Mono,4,2027,False,False,20256,20256,mesh_cracks =0.57; shove =0.25; poth =1.49,pdi =15.92; sdi =56.93; age =21,False
16,Sarah Lane,0,515,All,493,ChipSeal_P,Preserve,Mono,4,2027,False,False,46020,4602,mesh_cracks =0.46; shove =0.24; poth =1.19,pdi =12.78; sdi =13.76; age =19,False
9339,Weston Way,2385,2696,All,242,Preseal_CS,Holding,Mono,4,2027,False,False,31352,31352.000000000004,mesh_cracks =12.7; shove =0.26; poth =0.25,pdi =15.65; sdi =3.54; age =19,False
32,Karearea Lane,154,820,All,291,ChipSeal_P,Preserve,Mono,4,2027,False,False,77210,7721,mesh_cracks =0.45; shove =0.24; poth =1.25,pdi =13.39; sdi =13.45; age =19,False
23,Apple Orchard Lane,0,185,All,317,ChipSeal_P,Preserve,Mono,4,2027,False,False,18500,1850,mesh_cracks =0.39; shove =0.24; poth =1.36,pdi =14.37; sdi =14.44; age =40,False
4,Highfield Drive,0,71,All,382,ChipSeal_P,Preserve,Mono,4,2027,False,False,4970,497,mesh_cracks =0.37; shove =0.23; poth =0.24,pdi =3.11; sdi =13.28; age =19,False
5,Vintry Drive,0,362,All,5,ChipSeal_P,Preserve,Mono,4,2027,False,False,34750,3475,mesh_cracks =0.43; shove =1.67; poth =0.24,pdi =4.71; sdi =10.57; age =18,False
917,Port Street East,396,874,All,494,ChipSeal_P,Preserve,Mono,4,2027,False,False,29480,2948,mesh_cracks =0.36; shove =2.79; poth =0.23,pdi =5.59; sdi =11.09; age =22,False
27,Gallop Lane,0,116,All,408,Preseal_CS,Holding,Mono,4,2027,False,False,5706,5706.000000000001,mesh_cracks =0.39; shove =13.4; poth =0.18,pdi =15.68; sdi =4.21; age =11,False
1,Conifer Close,0,378,All,177,RehabCS_UL,Rehab_cs,Mono,4,2027,False,False,453600,3780,mesh_cracks =32.74; shove =6.02; poth =0.28,pdi =41.74; sdi =4.63; age =13,False
9339,Weston Way,2385,2696,All,241,ChipSeal_P,Preserve,Mono,4,2027,False,False,39190,3919,mesh_cracks =0.59; shove =0.25; poth =0.24,pdi =5.58; sdi =8.72; age =19,False
1,Conifer Close,0,378,All,307,Preseal_CS,Holding,Mono,4,2027,False,False,22680,22680,mesh_cracks =0.78; shove =1.16; poth =0.26,pdi =15.58; sdi =31.61; age =13,False
29,Riroriro Road,0,122,All,389,ChipSeal_P,Preserve,Mono,4,2027,False,False,7560,756,mesh_cracks =0.4; shove =1.07; poth =0.17,pdi =3.39; sdi =9.5; age =11,False
30,Curly McLeod Way,0,69,All,71,ChipSeal_P,Preserve,Mono,4,2027,False,False,5520,552,mesh_cracks =0.35; shove =0.23; poth =0.37,pdi =4.67; sdi =6.64; age =20,False
1,Conifer Close,0,378,All,1,RMaint,Maintenance,Mono,4,2027,False,False,5011.8,5011.801463406997,mesh_cracks =1.46; shove =1.46; poth =0.26,pdi =5.68; sdi =4.51; age =13,False
4,Highfield Drive,0,71,All,3,RMaint,Maintenance,Mono,4,2027,False,False,136.03,136.03364064231897,mesh_cracks =2.47; shove =0.24; poth =0.24,pdi =5.23; sdi =3.2; age =19,False
30,Curly McLeod Way,69,82,All,72,RMaint,Maintenance,Mono,4,2027,False,False,40.38,40.375272329231656,mesh_cracks =8.35; shove =0.24; poth =0.24,pdi =11.4; sdi =3.93; age =42,False
32,Karearea Lane,0,56,All,73,RMaint,Maintenance,Mono,4,2027,False,False,194.87,194.86682933791047,mesh_cracks =0.86; shove =0.23; poth =0.42,pdi =5.42; sdi =5.06; age =31,False
38,Tyler Place,279,322,All,86,RMaint,Maintenance,Mono,4,2027,False,False,228.35,228.34975350330666,mesh_cracks =0.56; shove =0.25; poth =0.6,pdi =7.01; sdi =7.58; age =35,False
43,Infantry Lane,0,95,All,104,RMaint,Maintenance,Mono,4,2027,False,False,294.59,294.5901526112361,mesh_cracks =0.38; shove =0.23; poth =0.24,pdi =7.8; sdi =57.81; age =22,False
30,Curly McLeod Way,69,82,All,118,RMaint,Maintenance,Mono,4,2027,False,False,38.79,38.787470221150755,mesh_cracks =0.43; shove =0.23; poth =0.24,pdi =9.7; sdi =19.52; age =42,False
9339,Weston Way,814,886,All,32,ThinAC_H,Holding,Mono,5,2028,True,False,82750,1655,mesh_cracks =0; shove =0; poth =0,pdi =0; sdi =0; age =0,False
1038,Gossey Drive North,1319,1723,All,138,SecondCoat,Preserve,Mono,5,2028,True,False,36360,3636,mesh_cracks =1; shove =1; poth =1,pdi =12.2; sdi =12.5; age =1,False
29,Riroriro Road,0,122,All,186,ChipSeal_H,Holding,Mono,5,2028,True,False,7560,756,mesh_cracks =0; shove =0; poth =0,pdi =0; sdi =0; age =0,False
974,Railway Terrace East,0,730,All,195,ChipSeal_H,Holding,Mono,5,2028,True,False,53940,5394,mesh_cracks =0; shove =0; poth =0,pdi =0; sdi =0; age =0,False
9339,Weston Way,1589,1999,All,199,ChipSeal_H,Holding,Mono,5,2028,True,False,54530,5453,mesh_cracks =0; shove =0; poth =0,pdi =0; sdi =0; age =0,False
27,Gallop Lane,0,116,All,237,ChipSeal_H,Holding,Mono,5,2028,True,False,9510,951,mesh_cracks =0; shove =0; poth =0,pdi =0; sdi =0; age =0,False
9339,Weston Way,2385,2696,All,242,ChipSeal_H,Holding,Mono,5,2028,True,False,39190,3919,mesh_cracks =0; shove =0; poth =0,pdi =0; sdi =0; age =0,False
1,Conifer Close,0,378,All,307,ChipSeal_H,Holding,Mono,5,2028,True,False,37800,3780,mesh_cracks =0; shove =0; poth =0,pdi =0; sdi =0; age =0,False
20,Burkes Creek Road,697,765,All,344,ThinAC_H,Holding,Mono,5,2028,True,False,44200,884,mesh_cracks =0; shove =0; poth =0,pdi =0; sdi =0; age =0,False
9339,Weston Way,3398,3457,All,350,SecondCoat,Preserve,Mono,5,2028,True,False,7430,743,mesh_cracks =1; shove =1; poth =1,pdi =12.2; sdi =12.5; age =2,False
9339,Weston Way,2385,2696,All,365,SecondCoat,Preserve,Mono,5,2028,True,False,39190,3919,mesh_cracks =1; shove =1; poth =1,pdi =12.2; sdi =12.5; age =2,False
42,Te Manaki Street,0,377,All,387,ChipSeal_H,Holding,Mono,5,2028,True,False,30160,3016,mesh_cracks =0; shove =0; poth =0,pdi =0; sdi =0; age =0,False
27,Gallop Lane,0,116,All,408,ChipSeal_H,Holding,Mono,5,2028,True,False,9510,951,mesh_cracks =0; shove =0; poth =0,pdi =0; sdi =0; age =0,False
19,Elm Close,0,82,All,415,ChipSeal_H,Holding,Mono,5,2028,True,False,5080,508,mesh_cracks =0; shove =0; poth =0,pdi =0; sdi =0; age =0,False
9339,Weston Way,2696,3114,All,433,ChipSeal_H,Holding,Mono,5,2028,True,False,52470,5247,mesh_cracks =0; shove =0; poth =0,pdi =0; sdi =0; age =0,False
13,Puriri Dale Way,0,293,All,450,ChipSeal_H,Holding,Mono,5,2028,True,False,33760,3376,mesh_cracks =0; shove =0; poth =0,pdi =0; sdi =0; age =0,False
15,Fendall Close,585,643,All,452,SecondCoat,Preserve,Mono,5,2028,True,False,7310,731,mesh_cracks =1; shove =1; poth =1,pdi =12.2; sdi =12.5; age =1,False
24,George Noble Road,0,272,All,461,ChipSeal_H,Holding,Mono,5,2028,True,False,22110,2211,mesh_cracks =0; shove =0; poth =0,pdi =0; sdi =0; age =0,False
20,Burkes Creek Road,21,520,All,490,ChipSeal_H,Holding,Mono,5,2028,True,False,66140,6614,mesh_cracks =0; shove =0; poth =0,pdi =0; sdi =0; age =0,False
37,Freemason Avenue,149,172,All,209,RehabAC_UL,Rehab_ac,Mono,5,2028,False,False,42560,266,mesh_cracks =0; shove =0; poth =1.54,pdi =26.88; sdi =44.03; age =10,False
18,Monaghan Way,0,80,All,370,RehabCS_UL,Rehab_cs,Mono,5,2028,False,False,77760,648,mesh_cracks =48.16; shove =0; poth =0,pdi =60.52; sdi =30.91; age =10,False
974,Railway Terrace East,0,730,All,404,ChipSeal_P,Preserve,Mono,5,2028,False,False,53940,5394,mesh_cracks =0.59; shove =0; poth =0,pdi =7.61; sdi =57.58; age =14,False
6,Croatia Avenue,0,42,All,119,RehabCS_UL,Rehab_cs,Mono,5,2028,False,False,40320,336,mesh_cracks =47.65; shove =1.16; poth =0.33,pdi =52.31; sdi =6.03; age =13,False
38,Tyler Place,279,322,All,211,Preseal_AC,Holding,Mono,5,2028,False,False,2480,2480,mesh_cracks =0.8; shove =15.03; poth =0.35,pdi =19.73; sdi =5.14; age =36,False
10,Upper Ahu Ahu Road,46,68,All,171,RehabAC_UL,Rehab_ac,Mono,5,2028,False,False,28160,176,mesh_cracks =27.47; shove =17.45; poth =0.36,pdi =48.75; sdi =6.48; age =16,False
974,Railway Terrace East,0,730,All,149,ChipSeal_P,Preserve,Mono,5,2028,False,False,53940,5394,mesh_cracks =1.39; shove =0; poth =0.34,pdi =4.91; sdi =39.61; age =14,False
36,Paneika Lane,391,520,All,377,Preseal_AC,Holding,Mono,5,2028,False,False,22704,22704,mesh_cracks =1.19; shove =0; poth =0,pdi =20.31; sdi =139.74; age =7,False
917,Port Street East,0,21,All,208,Preseal_CS,Holding,Mono,5,2028,False,False,1090,1090,mesh_cracks =16.73; shove =0.33; poth =0.33,pdi =20.45; sdi =32.08; age =23,False
43,Infantry Lane,0,95,All,425,Preseal_CS,Holding,Mono,5,2028,False,False,1992,1992.0000000000002,mesh_cracks =15.81; shove =0.33; poth =0.34,pdi =19.68; sdi =4.46; age =23,False
917,Port Street East,0,21,All,180,Preseal_CS,Holding,Mono,5,2028,False,False,1090,1090,mesh_cracks =0.56; shove =0.32; poth =1.55,pdi =20.69; sdi =26.93; age =23,False
9339,Weston Way,1589,1999,All,37,ChipSeal_P,Preserve,Mono,5,2028,False,False,54530,5453,mesh_cracks =1.57; shove =3.29; poth =0.48,pdi =10.43; sdi =7.4; age =20,False
9339,Weston Way,1237,1589,All,36,ChipSeal_P,Preserve,Mono,5,2028,False,False,45420,4542,mesh_cracks =1.57; shove =3.29; poth =0.48,pdi =10.42; sdi =7.4; age =20,False
20,Burkes Creek Road,0,21,All,397,RehabCS_UH,Rehab_cs,Mono,5,2028,False,False,54600,273,mesh_cracks =22.99; shove =1.27; poth =0.35,pdi =41.53; sdi =39.4; age =14,False
30,Curly McLeod Way,69,82,All,416,RehabAC_UL,Rehab_ac,Mono,5,2028,False,False,16640,104,mesh_cracks =26.29; shove =0.34; poth =0.34,pdi =34.99; sdi =46.11; age =43,False
36,Paneika Lane,370,391,All,320,Preseal_CS,Holding,Mono,5,2028,False,False,1386,1386,mesh_cracks =0.7; shove =0.34; poth =1.73,pdi =18.6; sdi =18.69; age =24,False
43,Infantry Lane,0,95,All,104,ChipSeal_P,Preserve,Mono,5,2028,False,False,3320,332,mesh_cracks =0.54; shove =0.32; poth =0.33,pdi =9.87; sdi =65.46; age =23,False
36,Paneika Lane,370,391,All,334,ChipSeal_P,Preserve,Mono,5,2028,False,False,2310,231,mesh_cracks =0.83; shove =0.34; poth =0.34,pdi =10.85; sdi =57.29; age =24,False
30,Curly McLeod Way,69,82,All,121,Preseal_AC,Holding,Mono,5,2028,False,False,832,832,mesh_cracks =0.53; shove =0.33; poth =1.65,pdi =19.19; sdi =28.28; age =43,False
40,Bravery Road,0,278,All,476,Preseal_AC,Holding,Mono,5,2028,False,False,25384,25384,mesh_cracks =0.9; shove =1.16; poth =0.84,pdi =17.33; sdi =27.82; age =18,False
20,Burkes Creek Road,0,21,All,217,Preseal_CS,Holding,Mono,5,2028,False,False,5460,5460,mesh_cracks =1.18; shove =5.6; poth =0.35,pdi =23.52; sdi =92.51; age =14,False
20,Burkes Creek Road,697,765,All,440,Preseal_AC,Holding,Mono,5,2028,False,False,10608,10608,mesh_cracks =0.81; shove =8.65; poth =0.1,pdi =17.85; sdi =28.1; age =14,False
36,Paneika Lane,391,520,All,427,Preseal_AC,Holding,Mono,5,2028,False,False,11352,11352,mesh_cracks =1; shove =0; poth =0,pdi =18.44; sdi =43.6; age =7,False
9339,Weston Way,1589,1999,All,313,ChipSeal_P,Preserve,Mono,5,2028,False,False,54530,5453,mesh_cracks =1.27; shove =0.37; poth =0.34,pdi =5.81; sdi =6; age =20,False
38,Tyler Place,322,334,All,275,ChipSeal_P,Preserve,Mono,5,2028,False,False,1200,120,mesh_cracks =3.38; shove =0; poth =0,pdi =17.63; sdi =36.63; age =11,False
43,Infantry Lane,0,95,All,254,RehabCS_UL,Rehab_cs,Mono,5,2028,False,False,39840,332,mesh_cracks =16.38; shove =0.33; poth =0.86,pdi =25.51; sdi =9.72; age =23,False
9339,Weston Way,1999,2369,All,38,ChipSeal_P,Preserve,Mono,5,2028,False,False,48630,4863,mesh_cracks =1.93; shove =3.22; poth =0.47,pdi =10.22; sdi =6.31; age =20,False
30,Curly McLeod Way,69,82,All,489,ThinAC_P,Preserve,Mono,5,2028,False,False,5200,104,mesh_cracks =0.68; shove =0.32; poth =2.24,pdi =32.9; sdi =46.75; age =43,False
20,Burkes Creek Road,697,765,All,371,ThinAC_P,Preserve,Mono,5,2028,False,False,44200,884,mesh_cracks =0.65; shove =0; poth =0,pdi =0.92; sdi =24.63; age =14,False
10,Upper Ahu Ahu Road,46,68,All,136,ThinAC_P,Preserve,Mono,5,2028,False,False,8800,176,mesh_cracks =0.8; shove =1.15; poth =0.25,pdi =17.29; sdi =36.87; age =16,False
38,Tyler Place,279,322,All,101,ThinAC_P,Preserve,Mono,5,2028,False,False,15500,310,mesh_cracks =0.8; shove =0.35; poth =0.34,pdi =4.89; sdi =25.88; age =36,False
38,Tyler Place,279,322,All,400,ThinAC_P,Preserve,Mono,5,2028,False,False,15500,310,mesh_cracks =0.8; shove =0.35; poth =0.34,pdi =4.89; sdi =24.53; age =36,False
23,Apple Orchard Lane,0,185,All,165,Preseal_CS,Holding,Mono,5,2028,False,False,11100,11100,mesh_cracks =11.09; shove =0.34; poth =0.34,pdi =17.66; sdi =11.21; age =41,False
20,Burkes Creek Road,0,21,All,215,Preseal_CS,Holding,Mono,5,2028,False,False,5460,5460,mesh_cracks =0.72; shove =23.93; poth =0.37,pdi =29.6; sdi =8.41; age =14,False
6,Croatia Avenue,42,76,All,203,ThinAC_P,Preserve,Mono,5,2028,False,False,13600,272,mesh_cracks =0.7; shove =0.32; poth =0.33,pdi =14.03; sdi =28.25; age =43,False
40,Bravery Road,0,278,All,431,ThinAC_P,Preserve,Mono,5,2028,False,False,158650,3173,mesh_cracks =1.07; shove =1.16; poth =0.18,pdi =13.7; sdi =28.31; age =18,False
1092,Bronte Road East,156,183,All,130,ThinAC_P,Preserve,Mono,5,2028,False,False,10800,216,mesh_cracks =0.56; shove =0.32; poth =0.33,pdi =12.91; sdi =25.83; age =26,False
36,Paneika Lane,370,391,All,359,ChipSeal_P,Preserve,Mono,5,2028,False,False,2310,231,mesh_cracks =0.74; shove =0.34; poth =0.34,pdi =4.92; sdi =15.73; age =24,False
1037,Epiha Road Upper,0,415,All,12,ChipSeal_P,Preserve,Mono,5,2028,False,False,37350,3735,mesh_cracks =0.66; shove =1.25; poth =0.34,pdi =5.61; sdi =6.1; age =14,False
30,Curly McLeod Way,69,82,All,118,ThinAC_P,Preserve,Mono,5,2028,False,False,5200,104,mesh_cracks =0.61; shove =0.32; poth =0.33,pdi =11.74; sdi =22.73; age =43,False
20,Burkes Creek Road,697,765,All,212,ThinAC_P,Preserve,Mono,5,2028,False,False,44200,884,mesh_cracks =0.68; shove =0; poth =0.26,pdi =3.69; sdi =12.65; age =14,False
20,Burkes Creek Road,0,21,All,326,ChipSeal_P,Preserve,Mono,5,2028,False,False,2730,273,mesh_cracks =0.7; shove =1.25; poth =1,pdi =12.22; sdi =12.25; age =14,False
43,Infantry Lane,0,95,All,465,ChipSeal_P,Preserve,Mono,5,2028,False,False,3320,332,mesh_cracks =0.52; shove =0.32; poth =0.33,pdi =8.72; sdi =15.44; age =23,False
10,Upper Ahu Ahu Road,0,46,All,213,ChipSeal_P,Preserve,Mono,5,2028,False,False,3680,368,mesh_cracks =0.53; shove =0.33; poth =0.33,pdi =5.21; sdi =14.13; age =21,False
917,Port Street East,2120,2350,All,198,Preseal_CS,Holding,Mono,5,2028,False,False,6670,6670,mesh_cracks =0.65; shove =1.23; poth =0.33,pdi =16.58; sdi =34.17; age =20,False
29,Riroriro Road,0,122,All,364,Preseal_CS,Holding,Mono,5,2028,False,False,4536,4536.000000000001,mesh_cracks =0.74; shove =1.08; poth =0.25,pdi =16.82; sdi =35.98; age =12,False
15,Fendall Close,0,438,All,27,ChipSeal_P,Preserve,Mono,5,2028,False,False,54800,5480,mesh_cracks =1.82; shove =0.34; poth =0.35,pdi =6.05; sdi =7.06; age =15,False
29,Riroriro Road,0,122,All,464,RehabCS_UL,Rehab_cs,Mono,5,2028,False,False,90720,756,mesh_cracks =0.93; shove =1.08; poth =0.25,pdi =20.02; sdi =43.49; age =12,False
917,Port Street East,396,874,All,434,ChipSeal_P,Preserve,Mono,5,2028,False,False,29480,2948,mesh_cracks =0.49; shove =0.32; poth =0.98,pdi =10.7; sdi =10.7; age =23,False
917,Port Street East,396,874,All,421,ChipSeal_P,Preserve,Mono,5,2028,False,False,29480,2948,mesh_cracks =0.52; shove =0.32; poth =0.32,pdi =6.19; sdi =9.2; age =23,False
38,Tyler Place,334,389,All,109,Preseal_CS,Holding,Mono,5,2028,False,False,3498,3498.0000000000005,mesh_cracks =1.42; shove =0.35; poth =0.34,pdi =16.47; sdi =56.16; age =36,False
32,Karearea Lane,154,820,All,124,ChipSeal_P,Preserve,Mono,5,2028,False,False,77210,7721,mesh_cracks =0.64; shove =0.34; poth =1.03,pdi =11.52; sdi =11.62; age =20,False
33,Okoare Lane,0,58,All,233,RehabCS_UL,Rehab_cs,Mono,5,2028,False,False,44520,371,mesh_cracks =1.36; shove =0; poth =0,pdi =15.99; sdi =36.57; age =10,False
38,Tyler Place,279,322,All,86,ThinAC_P,Preserve,Mono,5,2028,False,False,15500,310,mesh_cracks =0.8; shove =0.35; poth =0.82,pdi =9.71; sdi =10.46; age =36,False
30,Curly McLeod Way,69,82,All,403,ThinAC_P,Preserve,Mono,5,2028,False,False,5200,104,mesh_cracks =0.54; shove =0.32; poth =0.33,pdi =7.39; sdi =12.04; age =43,False
29,Riroriro Road,0,122,All,69,ChipSeal_P,Preserve,Mono,5,2028,False,False,7560,756,mesh_cracks =1.54; shove =1.08; poth =0.25,pdi =5.36; sdi =6.01; age =12,False
4,Highfield Drive,0,71,All,3,RMaint,Maintenance,Mono,5,2028,False,False,148.36,148.35942810906985,mesh_cracks =2.89; shove =0.33; poth =0.33,pdi =6.73; sdi =4.48; age =20,False
9,Kowhai Glen,0,305,All,11,RMaint,Maintenance,Mono,5,2028,False,False,483,483.0014025433716,mesh_cracks =1.03; shove =0.33; poth =0.33,pdi =5.02; sdi =4.84; age =38,False
10,Upper Ahu Ahu Road,46,68,All,15,RMaint,Maintenance,Mono,5,2028,False,False,62.06,62.064456779537856,mesh_cracks =1.98; shove =1.15; poth =0.26,pdi =5.88; sdi =5.4; age =16,False
917,Port Street East,2120,2350,All,25,RMaint,Maintenance,Mono,5,2028,False,False,1033.31,1033.3113168074317,mesh_cracks =0.46; shove =1.23; poth =0.33,pdi =5.12; sdi =5.99; age =20,False
9339,Weston Way,3398,3457,All,42,RMaint,Maintenance,Mono,5,2028,False,False,341.55,341.55443377774776,mesh_cracks =0.48; shove =1.13; poth =0.33,pdi =5.09; sdi =5.32; age =23,False
30,Curly McLeod Way,69,82,All,72,RMaint,Maintenance,Mono,5,2028,False,False,43.04,43.04104198557973,mesh_cracks =9.52; shove =0.33; poth =0.33,pdi =13.68; sdi =5.25; age =43,False
7056,Dawick Street,78,88,All,170,RMaint,Maintenance,Mono,5,2028,False,False,32.23,32.22623475053846,mesh_cracks =12.78; shove =0; poth =0,pdi =24.43; sdi =29.12; age =12,False
38,Tyler Place,334,389,All,109,ChipSeal_H,Holding,Mono,6,2029,True,False,5830,583,mesh_cracks =0; shove =0; poth =0,pdi =0; sdi =0; age =0,False
30,Curly McLeod Way,69,82,All,121,ThinAC_H,Holding,Mono,6,2029,True,False,5200,104,mesh_cracks =0; shove =0; poth =0,pdi =0; sdi =0; age =0,False
23,Apple Orchard Lane,0,185,All,165,ChipSeal_H,Holding,Mono,6,2029,True,False,18500,1850,mesh_cracks =0; shove =0; poth =0,pdi =0; sdi =0; age =0,False
917,Port Street East,0,21,All,180,ChipSeal_H,Holding,Mono,6,2029,True,False,1090,109,mesh_cracks =0; shove =0; poth =0,pdi =0; sdi =0; age =0,False
917,Port Street East,2120,2350,All,198,ChipSeal_H,Holding,Mono,6,2029,True,False,13340,1334,mesh_cracks =0; shove =0; poth =0,pdi =0; sdi =0; age =0,False
917,Port Street East,0,21,All,208,ChipSeal_H,Holding,Mono,6,2029,True,False,1090,109,mesh_cracks =0; shove =0; poth =0,pdi =0; sdi =0; age =0,False
38,Tyler Place,279,322,All,211,ThinAC_H,Holding,Mono,6,2029,True,False,15500,310,mesh_cracks =0; shove =0; poth =0,pdi =0; sdi =0; age =0,False
20,Burkes Creek Road,0,21,All,215,ChipSeal_H,Holding,Mono,6,2029,True,False,2730,273,mesh_cracks =0; shove =0; poth =0,pdi =0; sdi =0; age =0,False
20,Burkes Creek Road,0,21,All,217,ChipSeal_H,Holding,Mono,6,2029,True,False,2730,273,mesh_cracks =0; shove =0; poth =0,pdi =0; sdi =0; age =0,False
36,Paneika Lane,370,391,All,320,ChipSeal_H,Holding,Mono,6,2029,True,False,2310,231,mesh_cracks =0; shove =0; poth =0,pdi =0; sdi =0; age =0,False
29,Riroriro Road,0,122,All,364,ChipSeal_H,Holding,Mono,6,2029,True,False,7560,756,mesh_cracks =0; shove =0; poth =0,pdi =0; sdi =0; age =0,False
36,Paneika Lane,391,520,All,377,ThinAC_H,Holding,Mono,6,2029,True,False,70950,1419,mesh_cracks =0; shove =0; poth =0,pdi =0; sdi =0; age =0,False
43,Infantry Lane,0,95,All,425,ChipSeal_H,Holding,Mono,6,2029,True,False,3320,332,mesh_cracks =0; shove =0; poth =0,pdi =0; sdi =0; age =0,False
36,Paneika Lane,391,520,All,427,ThinAC_H,Holding,Mono,6,2029,True,False,70950,1419,mesh_cracks =0; shove =0; poth =0,pdi =0; sdi =0; age =0,False
20,Burkes Creek Road,697,765,All,440,ThinAC_H,Holding,Mono,6,2029,True,False,44200,884,mesh_cracks =0; shove =0; poth =0,pdi =0; sdi =0; age =0,False
40,Bravery Road,0,278,All,476,ThinAC_H,Holding,Mono,6,2029,True,False,158650,3173,mesh_cracks =0; shove =0; poth =0,pdi =0; sdi =0; age =0,False
917,Port Street East,21,396,All,139,RehabCS_RL,Rehab_cs,Mono,6,2029,False,False,210600,2106,mesh_cracks =92.42; shove =0; poth =0,pdi =112.42; sdi =50; age =6,False
917,Port Street East,21,396,All,185,RehabCS_RL,Rehab_cs,Mono,6,2029,False,False,210600,2106,mesh_cracks =98.73; shove =0; poth =0,pdi =98.73; sdi =0; age =6,False
9339,Weston Way,1589,1999,All,332,Preseal_CS,Holding,Mono,6,2029,False,False,54530,54530.00000000001,mesh_cracks =2.39; shove =0.48; poth =0.73,pdi =19.57; sdi =31.78; age =21,False
974,Railway Terrace East,0,730,All,295,Preseal_CS,Holding,Mono,6,2029,False,False,26970,26970,mesh_cracks =1; shove =1; poth =0.1,pdi =17.59; sdi =38.48; age =15,False
20,Burkes Creek Road,765,1789,All,126,Preseal_CS,Holding,Mono,6,2029,False,False,133120,133120,mesh_cracks =11.96; shove =0.45; poth =0.44,pdi =17.25; sdi =29.17; age =17,False
32,Karearea Lane,154,820,All,261,Preseal_CS,Holding,Mono,6,2029,False,False,46326,46326,mesh_cracks =0.85; shove =11.8; poth =0.45,pdi =17.54; sdi =6.36; age =21,False
20,Burkes Creek Road,549,697,All,235,Preseal_CS,Holding,Mono,6,2029,False,False,19240,19240,mesh_cracks =1.25; shove =0.44; poth =0.44,pdi =17.48; sdi =33.83; age =17,False
26,Stud Road,0,205,All,315,RehabCS_UM,Rehab_cs,Mono,6,2029,False,False,429760,2686,mesh_cracks =2.22; shove =1.08; poth =0.18,pdi =20.9; sdi =43.67; age =14,False
28,Stirrup Lane,0,261,All,475,Preseal_CS,Holding,Mono,6,2029,False,False,15348,15348,mesh_cracks =1.04; shove =12.71; poth =0.36,pdi =17.88; sdi =7.5; age =13,False
26,Stud Road,0,205,All,368,RehabCS_UM,Rehab_cs,Mono,6,2029,False,False,429760,2686,mesh_cracks =1.95; shove =1.08; poth =0.18,pdi =20; sdi =42.08; age =14,False
11,Lower Ahu Ahu Road,0,158,All,302,Preseal_CS,Holding,Mono,6,2029,False,False,7584,7584,mesh_cracks =0.98; shove =1.24; poth =0.34,pdi =17.88; sdi =36.6; age =13,False
2,Fladgate Drive,0,565,All,426,Preseal_CS,Holding,Mono,6,2029,False,False,25428,25428,mesh_cracks =1.16; shove =0.43; poth =0.43,pdi =16.89; sdi =32.62; age =26,False
9339,Weston Way,1051,1219,All,35,ChipSeal_P,Preserve,Mono,6,2029,False,False,37300,3730,mesh_cracks =1.69; shove =0.48; poth =0.45,pdi =7.69; sdi =8.07; age =21,False
917,Port Street East,874,1340,All,200,Preseal_CS,Holding,Mono,6,2029,False,False,11650,11650,mesh_cracks =0.66; shove =11.64; poth =0.43,pdi =16.74; sdi =5.51; age =24,False
917,Port Street East,2120,2350,All,113,Preseal_CS,Holding,Mono,6,2029,False,False,6670,6670,mesh_cracks =0.69; shove =6.18; poth =0.43,pdi =16.73; sdi =60.62; age =21,False
20,Burkes Creek Road,697,765,All,210,Preseal_AC,Holding,Mono,6,2029,False,False,10608,10608,mesh_cracks =1.24; shove =1; poth =0.1,pdi =15.63; sdi =33.16; age =15,False
4,Highfield Drive,0,71,All,3,RMaint,Maintenance,Mono,6,2029,False,False,160.81,160.81075468690076,mesh_cracks =3.37; shove =0.43; poth =0.43,pdi =8.4; sdi =5.88; age =21,False
6,Croatia Avenue,0,42,All,6,RMaint,Maintenance,Mono,6,2029,False,False,93.05,93.04577625458762,mesh_cracks =0.66; shove =1.16; poth =0.34,pdi =5.44; sdi =6.43; age =14,False
6,Croatia Avenue,42,76,All,7,RMaint,Maintenance,Mono,6,2029,False,False,61.09,61.09054844896287,mesh_cracks =0.66; shove =0.42; poth =0.43,pdi =5.62; sdi =5.78; age =44,False
10,Upper Ahu Ahu Road,46,68,All,15,RMaint,Maintenance,Mono,6,2029,False,False,66.79,66.78565025811854,mesh_cracks =2.19; shove =1.24; poth =0.34,pdi =7.14; sdi =6.65; age =17,False
917,Port Street East,0,21,All,19,RMaint,Maintenance,Mono,6,2029,False,False,157.72,157.71657965706856,mesh_cracks =0.65; shove =0.42; poth =0.42,pdi =5.4; sdi =5.62; age =24,False
917,Port Street East,2120,2350,All,113,ChipSeal_H,Holding,Mono,7,2030,True,False,13340,1334,mesh_cracks =0; shove =0; poth =0,pdi =0; sdi =0; age =0,False
20,Burkes Creek Road,765,1789,All,126,ChipSeal_H,Holding,Mono,7,2030,True,False,133120,13312,mesh_cracks =0; shove =0; poth =0,pdi =0; sdi =0; age =0,False
917,Port Street East,874,1340,All,200,ChipSeal_H,Holding,Mono,7,2030,True,False,23300,2330,mesh_cracks =0; shove =0; poth =0,pdi =0; sdi =0; age =0,False
20,Burkes Creek Road,697,765,All,210,ThinAC_H,Holding,Mono,7,2030,True,False,44200,884,mesh_cracks =0; shove =0; poth =0,pdi =0; sdi =0; age =0,False
20,Burkes Creek Road,549,697,All,235,ChipSeal_H,Holding,Mono,7,2030,True,False,19240,1924,mesh_cracks =0; shove =0; poth =0,pdi =0; sdi =0; age =0,False
32,Karearea Lane,154,820,All,261,ChipSeal_H,Holding,Mono,7,2030,True,False,77210,7721,mesh_cracks =0; shove =0; poth =0,pdi =0; sdi =0; age =0,False
974,Railway Terrace East,0,730,All,295,ChipSeal_H,Holding,Mono,7,2030,True,False,53940,5394,mesh_cracks =0; shove =0; poth =0,pdi =0; sdi =0; age =0,False
11,Lower Ahu Ahu Road,0,158,All,302,ChipSeal_H,Holding,Mono,7,2030,True,False,12640,1264,mesh_cracks =0; shove =0; poth =0,pdi =0; sdi =0; age =0,False
9339,Weston Way,1589,1999,All,332,ChipSeal_H,Holding,Mono,7,2030,True,False,54530,5453,mesh_cracks =0; shove =0; poth =0,pdi =0; sdi =0; age =0,False
20,Burkes Creek Road,0,21,All,397,SecondCoat,Preserve,Mono,7,2030,True,False,2730,273,mesh_cracks =1; shove =1; poth =1,pdi =12.2; sdi =12.5; age =1,False
2,Fladgate Drive,0,565,All,426,ChipSeal_H,Holding,Mono,7,2030,True,False,42380,4238,mesh_cracks =0; shove =0; poth =0,pdi =0; sdi =0; age =0,False
28,Stirrup Lane,0,261,All,475,ChipSeal_H,Holding,Mono,7,2030,True,False,25580,2558,mesh_cracks =0; shove =0; poth =0,pdi =0; sdi =0; age =0,False
24,George Noble Road,272,286,All,423,RehabAC_UL,Rehab_ac,Mono,7,2030,False,False,16960,106,mesh_cracks =33.71; shove =0; poth =0,pdi =34.4; sdi =1.71; age =15,False
9167,Foxglove Drive,0,668,All,312,Preseal_CS,Holding,Mono,7,2030,False,False,20040,20040,mesh_cracks =14.84; shove =1; poth =0.1,pdi =17.04; sdi =63.45; age =19,False
20,Burkes Creek Road,21,520,All,486,Preseal_CS,Holding,Mono,7,2030,False,False,66140,66140.00000000001,mesh_cracks =11.55; shove =1.47; poth =0.55,pdi =19.25; sdi =9.19; age =16,False
38,Tyler Place,279,322,All,206,Preseal_AC,Holding,Mono,7,2030,False,False,2480,2480,mesh_cracks =2.01; shove =0.57; poth =0.55,pdi =17.81; sdi =30.98; age =38,False
38,Tyler Place,334,389,All,273,RehabCS_UL,Rehab_cs,Mono,7,2030,False,False,69960,583,mesh_cracks =2.88; shove =0.57; poth =0.55,pdi =21.81; sdi =43.62; age =38,False
38,Tyler Place,279,322,All,499,RehabAC_UL,Rehab_ac,Mono,7,2030,False,False,49600,310,mesh_cracks =2.71; shove =0.57; poth =0.55,pdi =21.47; sdi =38.38; age =38,False
9339,Weston Way,1051,1219,All,498,ChipSeal_P,Preserve,Mono,7,2030,False,False,37300,3730,mesh_cracks =2.41; shove =0.6; poth =0.56,pdi =10.35; sdi =11.16; age =22,False
9,Kowhai Glen,0,305,All,435,Preseal_CS,Holding,Mono,7,2030,False,False,16644,16644.000000000004,mesh_cracks =1.2; shove =0.54; poth =0.54,pdi =17.79; sdi =38.38; age =40,False
9339,Weston Way,886,939,All,33,ThinAC_P,Preserve,Mono,7,2030,False,False,60950,1219,mesh_cracks =2.41; shove =1.49; poth =0.46,pdi =10.26; sdi =10.91; age =17,False
9339,Weston Way,886,939,All,188,ThinAC_P,Preserve,Mono,7,2030,False,False,60950,1219,mesh_cracks =2.41; shove =1.49; poth =0.46,pdi =10.26; sdi =10.91; age =17,False
30,Curly McLeod Way,69,82,All,72,Preseal_AC,Holding,Mono,7,2030,False,False,832,832,mesh_cracks =12.19; shove =0.54; poth =0.54,pdi =18.86; sdi =8.24; age =45,False
44,Dickins Lane,0,474,All,412,RehabCS_UL,Rehab_cs,Mono,7,2030,False,False,352680,2939,mesh_cracks =100; shove =0; poth =0,pdi =120; sdi =150; age =8,False
9339,Weston Way,1051,1219,All,115,RehabCS_UH,Rehab_cs,Mono,7,2030,False,False,746000,3730,mesh_cracks =3.49; shove =0.6; poth =1.08,pdi =27.09; sdi =100.29; age =22,False
29,Riroriro Road,122,139,All,358,Preseal_AC,Holding,Mono,7,2030,False,False,840,840,mesh_cracks =1.95; shove =0; poth =0,pdi =17.16; sdi =38.02; age =18,False
917,Port Street East,1431,2115,All,193,Preseal_CS,Holding,Mono,7,2030,False,False,19025,19025,mesh_cracks =0.94; shove =1.42; poth =0.53,pdi =16.69; sdi =35.76; age =22,False
9339,Weston Way,3114,3398,All,289,Preseal_CS,Holding,Mono,7,2030,False,False,28624,28624,mesh_cracks =1.48; shove =0.55; poth =0.55,pdi =16.9; sdi =40.07; age =22,False
9339,Weston Way,1999,2369,All,459,ChipSeal_P,Preserve,Mono,7,2030,False,False,48630,4863,mesh_cracks =6.82; shove =0.57; poth =0.55,pdi =13.74; sdi =8.71; age =22,False
6,Croatia Avenue,0,42,All,6,RMaint,Maintenance,Mono,7,2030,False,False,101.1,101.1041329722757,mesh_cracks =0.83; shove =1.25; poth =0.43,pdi =6.74; sdi =7.79; age =15,False
7056,Dawick Street,78,88,All,67,RMaint,Maintenance,Mono,7,2030,False,False,21.54,21.53748842547739,mesh_cracks =2.33; shove =0; poth =0.06,pdi =5.94; sdi =8.13; age =14,False
30,Curly McLeod Way,69,82,All,72,ThinAC_H,Holding,Mono,8,2031,True,False,5200,104,mesh_cracks =0; shove =0; poth =0,pdi =0; sdi =0; age =0,False
23,Apple Orchard Lane,0,185,All,187,SecondCoat,Preserve,Mono,8,2031,True,False,18500,1850,mesh_cracks =1; shove =1; poth =1,pdi =12.22; sdi =12.56; age =5,False
38,Tyler Place,334,389,All,191,SecondCoat,Preserve,Mono,8,2031,True,False,5830,583,mesh_cracks =1; shove =1; poth =1,pdi =12.2; sdi =12.62; age =5,False
917,Port Street East,1431,2115,All,193,ChipSeal_H,Holding,Mono,8,2031,True,False,38050,3805,mesh_cracks =0; shove =0; poth =0,pdi =0; sdi =0; age =0,False
38,Tyler Place,279,322,All,206,ThinAC_H,Holding,Mono,8,2031,True,False,15500,310,mesh_cracks =0; shove =0; poth =0,pdi =0; sdi =0; age =0,False
38,Tyler Place,334,389,All,224,SecondCoat,Preserve,Mono,8,2031,True,False,5830,583,mesh_cracks =1; shove =1; poth =1,pdi =12.2; sdi =12.62; age =5,False
9339,Weston Way,3114,3398,All,289,ChipSeal_H,Holding,Mono,8,2031,True,False,35780,3578,mesh_cracks =0; shove =0; poth =0,pdi =0; sdi =0; age =0,False
9167,Foxglove Drive,0,668,All,312,ChipSeal_H,Holding,Mono,8,2031,True,False,40080,4008,mesh_cracks =0; shove =0; poth =0,pdi =0; sdi =0; age =0,False
29,Riroriro Road,122,139,All,358,ThinAC_H,Holding,Mono,8,2031,True,False,5250,105,mesh_cracks =0; shove =0; poth =0,pdi =0; sdi =0; age =0,False
9,Kowhai Glen,0,305,All,435,ChipSeal_H,Holding,Mono,8,2031,True,False,27740,2774,mesh_cracks =0; shove =0; poth =0,pdi =0; sdi =0; age =0,False
20,Burkes Creek Road,21,520,All,486,ChipSeal_H,Holding,Mono,8,2031,True,False,66140,6614,mesh_cracks =0; shove =0; poth =0,pdi =0; sdi =0; age =0,False
44,Dickins Lane,474,1091,All,495,RehabCS_UL,Rehab_cs,Mono,8,2031,False,False,527400,4395,mesh_cracks =100; shove =0; poth =0,pdi =100.37; sdi =0.94; age =9,False
35,Leicester Place,0,660,All,243,RehabCS_UL,Rehab_cs,Mono,8,2031,False,False,770160,6418,mesh_cracks =100; shove =0; poth =0,pdi =120; sdi =50; age =9,False
9339,Weston Way,1999,2369,All,244,Preseal_CS,Holding,Mono,8,2031,False,False,48630,48630,mesh_cracks =2.1; shove =0.69; poth =0.67,pdi =18.43; sdi =30.49; age =23,False
15,Fendall Close,736,814,All,163,Preseal_CS,Holding,Mono,8,2031,False,False,17630,17630,mesh_cracks =8.04; shove =0.72; poth =0.68,pdi =17.47; sdi =13.03; age =29,False
9339,Weston Way,1051,1219,All,197,Preseal_CS,Holding,Mono,8,2031,False,False,37300,37300,mesh_cracks =1.16; shove =0; poth =0,pdi =17.21; sdi =41.68; age =6,False
20,Burkes Creek Road,21,520,All,298,Preseal_CS,Holding,Mono,8,2031,False,False,66140,66140.00000000001,mesh_cracks =1.88; shove =1.57; poth =0.66,pdi =19.36; sdi =32.12; age =17,False
3,Matai Way,0,557,All,181,Preseal_CS,Holding,Mono,8,2031,False,False,30744,30744,mesh_cracks =1.11; shove =0.65; poth =1.65,pdi =18.79; sdi =19.19; age =26,False
41,Huamanu Street,0,116,All,142,RehabAC_UL,Rehab_ac,Mono,8,2031,False,False,154080,963,mesh_cracks =1.07; shove =0.65; poth =2.32,pdi =25.49; sdi =25.87; age =43,False
9339,Weston Way,965,1051,All,34,ChipSeal_P,Preserve,Mono,8,2031,False,False,19090,1909,mesh_cracks =3.34; shove =1.18; poth =0.26,pdi =9.82; sdi =11.85; age =18,False
9339,Weston Way,965,1051,All,164,ChipSeal_P,Preserve,Mono,8,2031,False,False,19090,1909,mesh_cracks =3.34; shove =1.18; poth =0.26,pdi =9.82; sdi =11.85; age =18,False
30,Curly McLeod Way,0,69,All,178,RehabCS_UL,Rehab_cs,Mono,8,2031,False,False,66240,552,mesh_cracks =1.01; shove =0.64; poth =1.72,pdi =19.35; sdi =19.7; age =24,False
8,Tarras Road,86,120,All,497,Preseal_AC,Holding,Mono,8,2031,False,False,2720,2720,mesh_cracks =2.52; shove =1; poth =0.1,pdi =19.81; sdi =41.23; age =19,False
15,Fendall Close,0,438,All,363,Preseal_CS,Holding,Mono,8,2031,False,False,54800,54800,mesh_cracks =0; shove =0; poth =0,pdi =17.12; sdi =44.02; age =6,False
9167,Foxglove Drive,0,668,All,366,Preseal_CS,Holding,Mono,8,2031,False,False,20040,20040,mesh_cracks =1.1; shove =1.07; poth =0.17,pdi =16.82; sdi =36.2; age =20,False
43,Infantry Lane,0,95,All,284,Preseal_CS,Holding,Mono,8,2031,False,False,1992,1992.0000000000002,mesh_cracks =4.79; shove =5.71; poth =0.66,pdi =17.53; sdi =36.95; age =26,False
7056,Dawick Street,78,88,All,67,RMaint,Maintenance,Mono,8,2031,False,False,23,23.00046611221091,mesh_cracks =2.55; shove =0; poth =0.06,pdi =6.86; sdi =9.88; age =15,False
9339,Weston Way,1051,1219,All,115,SecondCoat,Preserve,Mono,9,2032,True,False,37300,3730,mesh_cracks =1; shove =1; poth =1,pdi =12.2; sdi =12.5; age =1,False
15,Fendall Close,736,814,All,163,ChipSeal_H,Holding,Mono,9,2032,True,False,17630,1763,mesh_cracks =0; shove =0; poth =0,pdi =0; sdi =0; age =0,False
3,Matai Way,0,557,All,181,ChipSeal_H,Holding,Mono,9,2032,True,False,51240,5124,mesh_cracks =0; shove =0; poth =0,pdi =0; sdi =0; age =0,False
9339,Weston Way,1051,1219,All,197,ChipSeal_H,Holding,Mono,9,2032,True,False,37300,3730,mesh_cracks =0; shove =0; poth =0,pdi =0; sdi =0; age =0,False
9339,Weston Way,1999,2369,All,244,ChipSeal_H,Holding,Mono,9,2032,True,False,48630,4863,mesh_cracks =0; shove =0; poth =0,pdi =0; sdi =0; age =0,False
43,Infantry Lane,0,95,All,284,ChipSeal_H,Holding,Mono,9,2032,True,False,3320,332,mesh_cracks =0; shove =0; poth =0,pdi =0; sdi =0; age =0,False
20,Burkes Creek Road,21,520,All,298,ChipSeal_H,Holding,Mono,9,2032,True,False,66140,6614,mesh_cracks =0; shove =0; poth =0,pdi =0; sdi =0; age =0,False
26,Stud Road,0,205,All,315,SecondCoat,Preserve,Mono,9,2032,True,False,26860,2686,mesh_cracks =1; shove =1; poth =1,pdi =12.2; sdi =12.5; age =2,False
15,Fendall Close,0,438,All,363,ChipSeal_H,Holding,Mono,9,2032,True,False,54800,5480,mesh_cracks =0; shove =0; poth =0,pdi =0; sdi =0; age =0,False
9167,Foxglove Drive,0,668,All,366,ChipSeal_H,Holding,Mono,9,2032,True,False,40080,4008,mesh_cracks =0; shove =0; poth =0,pdi =0; sdi =0; age =0,False
26,Stud Road,0,205,All,368,SecondCoat,Preserve,Mono,9,2032,True,False,26860,2686,mesh_cracks =1; shove =1; poth =1,pdi =12.2; sdi =12.5; age =2,False
2,Fladgate Drive,0,565,All,446,SecondCoat,Preserve,Mono,9,2032,True,False,42380,4238,mesh_cracks =1; shove =1; poth =1,pdi =12.2; sdi =12.62; age =5,False
8,Tarras Road,86,120,All,497,ThinAC_H,Holding,Mono,9,2032,True,False,17000,340,mesh_cracks =0; shove =0; poth =0,pdi =0; sdi =0; age =0,False
9339,Weston Way,1589,1999,All,128,Preseal_CS,Holding,Mono,9,2032,False,False,54530,54530.00000000001,mesh_cracks =5.25; shove =0.88; poth =0.81,pdi =19.17; sdi =22.18; age =24,False
33,Okoare Lane,0,58,All,154,RehabCS_UL,Rehab_cs,Mono,9,2032,False,False,44520,371,mesh_cracks =1.74; shove =1; poth =1.61,pdi =19.62; sdi =19.17; age =14,False
44,Dickins Lane,474,1091,All,401,RehabCS_UL,Rehab_cs,Mono,9,2032,False,False,527400,4395,mesh_cracks =1.18; shove =0; poth =0.12,pdi =22.4; sdi =51.22; age =10,False
36,Paneika Lane,370,391,All,437,RehabCS_UL,Rehab_cs,Mono,9,2032,False,False,27720,231,mesh_cracks =13.07; shove =0.81; poth =0.8,pdi =23.18; sdi =49.86; age =28,False
36,Paneika Lane,0,370,All,309,RehabAC_UL,Rehab_ac,Mono,9,2032,False,False,651200,4070,mesh_cracks =64.27; shove =0; poth =0,pdi =65.01; sdi =1.84; age =13,False
15,Fendall Close,736,814,All,381,Preseal_CS,Holding,Mono,9,2032,False,False,17630,17630,mesh_cracks =1; shove =0; poth =0,pdi =18.12; sdi =44.3; age =6,False
10,Upper Ahu Ahu Road,0,46,All,467,RehabCS_UL,Rehab_cs,Mono,9,2032,False,False,44160,368,mesh_cracks =1.55; shove =0.77; poth =0.78,pdi =19.85; sdi =40.98; age =25,False
40,Bravery Road,0,278,All,409,Preseal_AC,Holding,Mono,9,2032,False,False,25384,25384,mesh_cracks =2.55; shove =1.57; poth =0.57,pdi =19.01; sdi =95.96; age =22,False
11,Lower Ahu Ahu Road,0,158,All,223,RehabCS_UL,Rehab_cs,Mono,9,2032,False,False,151680,1264,mesh_cracks =1.81; shove =1.54; poth =0.64,pdi =21.1; sdi =37.87; age =16,False
1035,Cousins Avenue East,0,61,All,379,Preseal_AC,Holding,Mono,9,2032,False,False,6832,6832,mesh_cracks =1.32; shove =0.75; poth =0.77,pdi =20.41; sdi =35.87; age =36,False
917,Port Street East,1431,2115,All,356,Preseal_CS,Holding,Mono,9,2032,False,False,19025,19025,mesh_cracks =1.18; shove =4.03; poth =1.04,pdi =19.2; sdi =22.59; age =24,False
9339,Weston Way,1999,2369,All,146,ChipSeal_P,Preserve,Mono,9,2032,False,False,48630,4863,mesh_cracks =1.27; shove =1; poth =1,pdi =12.52; sdi =13.39; age =6,False
917,Port Street East,0,21,All,362,Preseal_CS,Holding,Mono,9,2032,False,False,545,545,mesh_cracks =1.21; shove =9.62; poth =0.76,pdi =18.78; sdi =9.9; age =27,False
917,Port Street East,0,21,All,207,Preseal_CS,Holding,Mono,9,2032,False,False,545,545,mesh_cracks =9.51; shove =0.76; poth =0.76,pdi =18.15; sdi =9.83; age =27,False
38,Tyler Place,334,389,All,88,ChipSeal_P,Preserve,Mono,9,2032,False,False,5830,583,mesh_cracks =2.44; shove =0.82; poth =0.79,pdi =13.04; sdi =14.2; age =40,False
20,Burkes Creek Road,0,21,All,51,ChipSeal_P,Preserve,Mono,9,2032,False,False,2730,273,mesh_cracks =1.97; shove =1.69; poth =0.77,pdi =12.74; sdi =13.51; age =18,False
1013,Brook Street North,0,220,All,0,RMaint,Maintenance,Mono,9,2032,False,False,786.59,786.593003532706,mesh_cracks =1.16; shove =0.76; poth =0.77,pdi =10.23; sdi =12.92; age =28,False
4,Highfield Drive,0,71,All,3,RMaint,Maintenance,Mono,9,2032,False,False,200.47,200.46814342388151,mesh_cracks =5.22; shove =0.77; poth =0.78,pdi =14.49; sdi =11.13; age =24,False
6,Croatia Avenue,0,42,All,6,RMaint,Maintenance,Mono,9,2032,False,False,118.18,118.17793836374702,mesh_cracks =1.22; shove =1.45; poth =0.64,pdi =9.7; sdi =10.99; age =17,False
6,Croatia Avenue,42,76,All,7,RMaint,Maintenance,Mono,9,2032,False,False,72.79,72.7911946343682,mesh_cracks =1.22; shove =0.76; poth =0.77,pdi =10.35; sdi =10.86; age =47,False
8,Tarras Road,0,86,All,9,RMaint,Maintenance,Mono,9,2032,False,False,404.29,404.29463948810303,mesh_cracks =2.05; shove =1.24; poth =0.34,pdi =7.35; sdi =7.57; age =16,False
10,Upper Ahu Ahu Road,46,68,All,15,RMaint,Maintenance,Mono,9,2032,False,False,82.49,82.49288950062528,mesh_cracks =3.14; shove =1.54; poth =0.66,pdi =11.94; sdi =11.45; age =20,False
917,Port Street East,0,21,All,19,RMaint,Maintenance,Mono,9,2032,False,False,193.1,193.10166697635972,mesh_cracks =1.22; shove =0.75; poth =0.75,pdi =9.79; sdi =10.02; age =27,False
1035,Cousins Avenue East,0,61,All,48,RMaint,Maintenance,Mono,9,2032,False,False,114.96,114.96066715622048,mesh_cracks =1.08; shove =0.75; poth =0.77,pdi =9.99; sdi =10.41; age =36,False
7056,Dawick Street,78,88,All,67,RMaint,Maintenance,Mono,9,2032,False,False,24.54,24.54464179229309,mesh_cracks =2.81; shove =0; poth =0.06,pdi =7.96; sdi =11.97; age =16,False
36,Paneika Lane,370,391,All,80,RMaint,Maintenance,Mono,9,2032,False,False,69.08,69.08335626939399,mesh_cracks =1.97; shove =0.8; poth =0.79,pdi =12.01; sdi =12.88; age =28,False
9339,Weston Way,1589,1999,All,128,ChipSeal_H,Holding,Mono,10,2033,True,False,54530,5453,mesh_cracks =0; shove =0; poth =0,pdi =0; sdi =0; age =0,False
1,Conifer Close,0,378,All,177,SecondCoat,Preserve,Mono,10,2033,True,False,37800,3780,mesh_cracks =1; shove =1; poth =1,pdi =12.2; sdi =12.62; age =5,False
917,Port Street East,0,21,All,207,ChipSeal_H,Holding,Mono,10,2033,True,False,1090,109,mesh_cracks =0; shove =0; poth =0,pdi =0; sdi =0; age =0,False
917,Port Street East,1431,2115,All,356,ChipSeal_H,Holding,Mono,10,2033,True,False,38050,3805,mesh_cracks =0; shove =0; poth =0,pdi =0; sdi =0; age =0,False
917,Port Street East,0,21,All,362,ChipSeal_H,Holding,Mono,10,2033,True,False,1090,109,mesh_cracks =0; shove =0; poth =0,pdi =0; sdi =0; age =0,False
1035,Cousins Avenue East,0,61,All,379,ThinAC_H,Holding,Mono,10,2033,True,False,21350,427,mesh_cracks =0; shove =0; poth =0,pdi =0; sdi =0; age =0,False
15,Fendall Close,736,814,All,381,ChipSeal_H,Holding,Mono,10,2033,True,False,17630,1763,mesh_cracks =0; shove =0; poth =0,pdi =0; sdi =0; age =0,False
40,Bravery Road,0,278,All,409,ThinAC_H,Holding,Mono,10,2033,True,False,158650,3173,mesh_cracks =0; shove =0; poth =0,pdi =0; sdi =0; age =0,False
9339,Weston Way,886,939,All,424,RehabAC_UH,Rehab_ac,Mono,10,2033,False,False,292560,1219,mesh_cracks =6.07; shove =1.88; poth =0.99,pdi =23.8; sdi =27.45; age =20,False
9339,Weston Way,886,939,All,456,Preseal_AC,Holding,Mono,10,2033,False,False,29256,29256,mesh_cracks =6.07; shove =1.88; poth =0.81,pdi =22.03; sdi =25.68; age =20,False
15,Fendall Close,438,585,All,442,RehabCS_UH,Rehab_cs,Mono,10,2033,False,False,370400,1852,mesh_cracks =6.44; shove =1.54; poth =0.67,pdi =27.07; sdi =137.19; age =16,False
9339,Weston Way,1051,1219,All,260,RehabCS_UH,Rehab_cs,Mono,10,2033,False,False,746000,3730,mesh_cracks =7.39; shove =1.01; poth =0.94,pdi =31.35; sdi =45.22; age =25,False
20,Burkes Creek Road,697,765,All,234,RehabAC_UH,Rehab_ac,Mono,10,2033,False,False,212160,884,mesh_cracks =2.97; shove =1.35; poth =0.45,pdi =20.59; sdi =36.79; age =19,False
20,Burkes Creek Road,21,520,All,439,Preseal_CS,Holding,Mono,10,2033,False,False,66140,66140.00000000001,mesh_cracks =2.54; shove =1.82; poth =1.37,pdi =19.96; sdi =21.16; age =19,False
41,Huamanu Street,116,134,All,316,RehabAC_UL,Rehab_ac,Mono,10,2033,False,False,23840,149,mesh_cracks =0; shove =42.47; poth =0,pdi =43.09; sdi =90.21; age =18,False
38,Tyler Place,0,279,All,85,Preseal_CS,Holding,Mono,10,2033,False,False,24108,24108,mesh_cracks =3.13; shove =0.96; poth =1.34,pdi =20.04; sdi =21.76; age =26,False
36,Paneika Lane,370,391,All,80,ChipSeal_P,Preserve,Mono,10,2033,False,False,2310,231,mesh_cracks =2.51; shove =0.94; poth =0.92,pdi =14.55; sdi =15.84; age =29,False
36,Paneika Lane,370,391,All,145,ChipSeal_P,Preserve,Mono,10,2033,False,False,2310,231,mesh_cracks =2.51; shove =0.94; poth =0.92,pdi =14.55; sdi =15.84; age =29,False
4,Highfield Drive,0,71,All,3,RMaint,Maintenance,Mono,10,2033,False,False,214.89,214.88676860119537,mesh_cracks =6.08; shove =0.9; poth =0.91,pdi =17.01; sdi =13.23; age =25,False
6,Croatia Avenue,0,42,All,6,RMaint,Maintenance,Mono,10,2033,False,False,127.44,127.44393276268522,mesh_cracks =1.48; shove =1.57; poth =0.75,pdi =11.4; sdi =12.84; age =18,False
6,Croatia Avenue,42,76,All,7,RMaint,Maintenance,Mono,10,2033,False,False,76.82,76.82460182060183,mesh_cracks =1.48; shove =0.89; poth =0.9,pdi =12.21; sdi =12.88; age =48,False
8,Tarras Road,86,120,All,10,RMaint,Maintenance,Mono,10,2033,False,False,167.53,167.52573109978974,mesh_cracks =1.57; shove =1.15; poth =0.25,pdi =6.09; sdi =6.96; age =21,False
10,Upper Ahu Ahu Road,46,68,All,15,RMaint,Maintenance,Mono,10,2033,False,False,88.31,88.30940553180008,mesh_cracks =3.59; shove =1.66; poth =0.77,pdi =13.89; sdi =13.4; age =21,False
7056,Dawick Street,78,88,All,67,RMaint,Maintenance,Mono,10,2033,False,False,26.18,26.180313885991488,mesh_cracks =3.14; shove =0; poth =0.06,pdi =9.26; sdi =14.39; age =17,False
30,Curly McLeod Way,69,82,All,118,RMaint,Maintenance,Mono,10,2033,False,False,19.62,19.624850692869057,mesh_cracks =0; shove =0; poth =0,pdi =9.63; sdi =24.09; age =4,False
38,Tyler Place,0,279,All,85,ChipSeal_H,Holding,Mono,11,2034,True,False,20090,2009,mesh_cracks =0; shove =0; poth =0,pdi =0; sdi =0; age =0,False
6,Croatia Avenue,0,42,All,119,SecondCoat,Preserve,Mono,11,2034,True,False,3360,336,mesh_cracks =1; shove =1; poth =1,pdi =12.2; sdi =12.62; age =5,False
33,Okoare Lane,0,58,All,233,SecondCoat,Preserve,Mono,11,2034,True,False,3710,371,mesh_cracks =1; shove =1; poth =1,pdi =12.2; sdi =12.62; age =5,False
43,Infantry Lane,0,95,All,254,SecondCoat,Preserve,Mono,11,2034,True,False,3320,332,mesh_cracks =1; shove =1; poth =1,pdi =12.2; sdi =12.62; age =5,False
18,Monaghan Way,0,80,All,370,SecondCoat,Preserve,Mono,11,2034,True,False,6480,648,mesh_cracks =1; shove =1; poth =1,pdi =12.2; sdi =12.62; age =5,False
20,Burkes Creek Road,21,520,All,439,ChipSeal_H,Holding,Mono,11,2034,True,False,66140,6614,mesh_cracks =0; shove =0; poth =0,pdi =0; sdi =0; age =0,False
9339,Weston Way,886,939,All,456,ThinAC_H,Holding,Mono,11,2034,True,False,60950,1219,mesh_cracks =0; shove =0; poth =0,pdi =0; sdi =0; age =0,False
29,Riroriro Road,0,122,All,464,SecondCoat,Preserve,Mono,11,2034,True,False,7560,756,mesh_cracks =1; shove =1; poth =1,pdi =12.2; sdi =12.62; age =5,False
9339,Weston Way,965,1051,All,252,RehabCS_UH,Rehab_cs,Mono,11,2034,False,False,381800,1909,mesh_cracks =8.18; shove =1.52; poth =0.55,pdi =23.07; sdi =81.99; age =21,False
35,Leicester Place,0,660,All,160,RehabCS_UL,Rehab_cs,Mono,11,2034,False,False,770160,6418,mesh_cracks =7.68; shove =0; poth =0,pdi =27.68; sdi =50; age =12,False
9339,Weston Way,1051,1219,All,285,RehabCS_UH,Rehab_cs,Mono,11,2034,False,False,746000,3730,mesh_cracks =8.18; shove =1.17; poth =1.09,pdi =28.1; sdi =32.92; age =26,False
37,Freemason Avenue,172,362,All,84,Preseal_CS,Holding,Mono,11,2034,False,False,22800,22800,mesh_cracks =5.43; shove =1.13; poth =1.08,pdi =22.77; sdi =29; age =26,False
27,Gallop Lane,116,136,All,267,Preseal_AC,Holding,Mono,11,2034,False,False,2624,2624.0000000000005,mesh_cracks =0; shove =0; poth =2.71,pdi =27.61; sdi =28.37; age =18,False
1013,Brook Street North,0,220,All,0,RMaint,Maintenance,Mono,11,2034,False,False,893.35,893.3530002918524,mesh_cracks =1.66; shove =1.01; poth =1.04,pdi =14.04; sdi =17.45; age =30,False
4,Highfield Drive,0,71,All,3,RMaint,Maintenance,Mono,11,2034,False,False,230.01,230.00843510074213,mesh_cracks =7.1; shove =1.04; poth =1.05,pdi =19.84; sdi =15.63; age =26,False
3,Matai Way,0,557,All,4,RMaint,Maintenance,Mono,11,2034,False,False,3395.89,3395.8853167365905,mesh_cracks =2.07; shove =1.04; poth =1.05,pdi =15.19; sdi =22.92; age =29,False
6,Croatia Avenue,0,42,All,6,RMaint,Maintenance,Mono,11,2034,False,False,137.26,137.2597050759597,mesh_cracks =1.8; shove =1.68; poth =0.88,pdi =13.31; sdi =14.91; age =19,False
6,Croatia Avenue,42,76,All,7,RMaint,Maintenance,Mono,11,2034,False,False,80.99,80.98764754510073,mesh_cracks =1.8; shove =1.02; poth =1.04,pdi =14.27; sdi =15.12; age =49,False
8,Tarras Road,86,120,All,10,RMaint,Maintenance,Mono,11,2034,False,False,179.69,179.6871197670128,mesh_cracks =1.75; shove =1.23; poth =0.34,pdi =7.47; sdi =8.64; age =22,False
7056,Dawick Street,78,88,All,67,RMaint,Maintenance,Mono,11,2034,False,False,27.91,27.907862774586455,mesh_cracks =3.54; shove =0; poth =0.06,pdi =10.76; sdi =17.16; age =18,False
30,Curly McLeod Way,69,82,All,118,RMaint,Maintenance,Mono,11,2034,False,False,20.12,20.11993121592563,mesh_cracks =0; shove =0; poth =0,pdi =14.21; sdi =35.51; age =5,False
38,Tyler Place,322,334,All,275,RMaint,Maintenance,Mono,11,2034,False,False,23.11,23.106311245791414,mesh_cracks =0; shove =0; poth =0,pdi =14.21; sdi =35.51; age =5,False
30,Curly McLeod Way,69,82,All,403,RMaint,Maintenance,Mono,11,2034,False,False,15.39,15.386127278882206,mesh_cracks =0; shove =0; poth =0,pdi =14.21; sdi =35.51; age =5,False
37,Freemason Avenue,172,362,All,84,ChipSeal_H,Holding,Mono,12,2035,True,False,19000,1900,mesh_cracks =0; shove =0; poth =0,pdi =0; sdi =0; age =0,False
917,Port Street East,21,396,All,139,SecondCoat,Preserve,Mono,12,2035,True,False,21060,2106,mesh_cracks =1; shove =1; poth =1,pdi =12.2; sdi =12.59; age =5,False
917,Port Street East,21,396,All,185,SecondCoat,Preserve,Mono,12,2035,True,False,21060,2106,mesh_cracks =1; shove =1; poth =1,pdi =12.2; sdi =12.59; age =5,False
9339,Weston Way,1051,1219,All,260,SecondCoat,Preserve,Mono,12,2035,True,False,37300,3730,mesh_cracks =1; shove =1; poth =1,pdi =12.2; sdi =12.5; age =1,False
27,Gallop Lane,116,136,All,267,ThinAC_H,Holding,Mono,12,2035,True,False,8200,164,mesh_cracks =0; shove =0; poth =0,pdi =0; sdi =0; age =0,False
15,Fendall Close,438,585,All,442,SecondCoat,Preserve,Mono,12,2035,True,False,18520,1852,mesh_cracks =1; shove =1; poth =1,pdi =12.2; sdi =12.5; age =1,False
35,Leicester Place,0,660,All,156,RehabCS_UL,Rehab_cs,Mono,12,2035,False,False,770160,6418,mesh_cracks =3.08; shove =0; poth =2.06,pdi =29.18; sdi =38.69; age =13,False
15,Fendall Close,643,736,All,352,RehabCS_UH,Rehab_cs,Mono,12,2035,False,False,380400,1902,mesh_cracks =7.22; shove =2.02; poth =1.04,pdi =26.93; sdi =32.7; age =18,False
15,Fendall Close,736,814,All,31,Preseal_CS,Holding,Mono,12,2035,False,False,35260,35260,mesh_cracks =7.52; shove =3.19; poth =1.24,pdi =23.6; sdi =16.35; age =33,False
26,Stud Road,0,205,All,310,RehabCS_UM,Rehab_cs,Mono,12,2035,False,False,429760,2686,mesh_cracks =7.98; shove =1.71; poth =0.79,pdi =35.19; sdi =55.49; age =20,False
37,Freemason Avenue,172,362,All,378,RehabCS_UL,Rehab_cs,Mono,12,2035,False,False,228000,1900,mesh_cracks =7.06; shove =11.22; poth =1.26,pdi =38.03; sdi =33.86; age =27,False
9339,Weston Way,2385,2696,All,39,Preseal_CS,Holding,Mono,12,2035,False,False,62704,62704.00000000001,mesh_cracks =6.33; shove =1.27; poth =1.22,pdi =26.37; sdi =32.23; age =27,False
9,Kowhai Glen,0,305,All,347,Preseal_CS,Holding,Mono,12,2035,False,False,33288,33288.00000000001,mesh_cracks =2.62; shove =7.98; poth =1.22,pdi =25.23; sdi =35.4; age =45,False
32,Karearea Lane,0,56,All,73,Preseal_AC,Holding,Mono,12,2035,False,False,9856,9856,mesh_cracks =2.54; shove =1.16; poth =2.1,pdi =25.22; sdi =24.67; age =39,False
41,Huamanu Street,0,116,All,143,Preseal_AC,Holding,Mono,12,2035,False,False,15408,15408.000000000002,mesh_cracks =2.73; shove =1.17; poth =1.19,pdi =24.55; sdi =36.2; age =47,False
9339,Weston Way,3398,3457,All,42,ChipSeal_P,Preserve,Mono,12,2035,False,False,7430,743,mesh_cracks =2.09; shove =1.99; poth =1.19,pdi =17.22; sdi =18.31; age =30,False
1013,Brook Street North,0,220,All,0,RMaint,Maintenance,Mono,12,2035,False,False,950.43,950.4250609967802,mesh_cracks =2; shove =1.15; poth =1.18,pdi =16.24; sdi =20.11; age =31,False
4,Highfield Drive,0,71,All,3,RMaint,Maintenance,Mono,12,2035,False,False,245.85,245.84921733786504,mesh_cracks =8.28; shove =1.18; poth =1.19,pdi =23; sdi =18.34; age =27,False
6,Croatia Avenue,0,42,All,6,RMaint,Maintenance,Mono,12,2035,False,False,147.62,147.61705809935364,mesh_cracks =2.17; shove =1.81; poth =1.01,pdi =15.42; sdi =17.27; age =20,False
6,Croatia Avenue,42,76,All,7,RMaint,Maintenance,Mono,12,2035,False,False,85.27,85.26979124239568,mesh_cracks =2.17; shove =1.16; poth =1.18,pdi =16.55; sdi =17.66; age =50,False
8,Tarras Road,0,86,All,9,RMaint,Maintenance,Mono,12,2035,False,False,495.72,495.7205086912509,mesh_cracks =2.87; shove =1.53; poth =0.65,pdi =12.33; sdi =13.25; age =19,False
8,Tarras Road,86,120,All,10,RMaint,Maintenance,Mono,12,2035,False,False,192.32,192.32404698433416,mesh_cracks =1.94; shove =1.33; poth =0.43,pdi =9.02; sdi =10.61; age =23,False
10,Upper Ahu Ahu Road,46,68,All,15,RMaint,Maintenance,Mono,12,2035,False,False,100.87,100.87048512190097,mesh_cracks =4.66; shove =1.92; poth =1.03,pdi =18.48; sdi =18.17; age =23,False
917,Port Street East,0,21,All,19,RMaint,Maintenance,Mono,12,2035,False,False,232.41,232.4087712593144,mesh_cracks =2.15; shove =1.15; poth =1.15,pdi =15.38; sdi =15.51; age =30,False
1035,Cousins Avenue East,0,61,All,48,RMaint,Maintenance,Mono,12,2035,False,False,136.79,136.79149382174015,mesh_cracks =1.81; shove =1.14; poth =1.17,pdi =15.68; sdi =16.54; age =39,False
15,Fendall Close,736,814,All,31,ChipSeal_H,Holding,Mono,13,2036,True,False,17630,1763,mesh_cracks =0; shove =0; poth =0,pdi =0; sdi =0; age =0,False
9339,Weston Way,2385,2696,All,39,ChipSeal_H,Holding,Mono,13,2036,True,False,39190,3919,mesh_cracks =0; shove =0; poth =0,pdi =0; sdi =0; age =0,False
32,Karearea Lane,0,56,All,73,ThinAC_H,Holding,Mono,13,2036,True,False,30800,616,mesh_cracks =0; shove =0; poth =0,pdi =0; sdi =0; age =0,False
41,Huamanu Street,0,116,All,143,ThinAC_H,Holding,Mono,13,2036,True,False,48150,963,mesh_cracks =0; shove =0; poth =0,pdi =0; sdi =0; age =0,False
9339,Weston Way,965,1051,All,252,SecondCoat,Preserve,Mono,13,2036,True,False,19090,1909,mesh_cracks =1; shove =1; poth =1,pdi =12.2; sdi =12.5; age =1,False
38,Tyler Place,334,389,All,273,SecondCoat,Preserve,Mono,13,2036,True,False,5830,583,mesh_cracks =1; shove =1; poth =1,pdi =12.2; sdi =12.62; age =5,False
9339,Weston Way,1051,1219,All,285,SecondCoat,Preserve,Mono,13,2036,True,False,37300,3730,mesh_cracks =1; shove =1; poth =1,pdi =12.2; sdi =12.5; age =1,False
9,Kowhai Glen,0,305,All,347,ChipSeal_H,Holding,Mono,13,2036,True,False,27740,2774,mesh_cracks =0; shove =0; poth =0,pdi =0; sdi =0; age =0,False
44,Dickins Lane,0,474,All,412,SecondCoat,Preserve,Mono,13,2036,True,False,29390,2939,mesh_cracks =1; shove =1; poth =1,pdi =12.2; sdi =12.62; age =5,False
15,Fendall Close,643,736,All,152,Preseal_CS,Holding,Mono,13,2036,False,False,57060,57060,mesh_cracks =1.36; shove =0; poth =1,pdi =31.22; sdi =61.89; age =8,False
974,Railway Terrace East,0,730,All,153,RehabCS_RL,Rehab_cs,Mono,13,2036,False,False,539400,5394,mesh_cracks =3.45; shove =1.64; poth =2.57,pdi =31.55; sdi =30.78; age =22,False
9339,Weston Way,3114,3398,All,380,RehabCS_UM,Rehab_cs,Mono,13,2036,False,False,572480,3578,mesh_cracks =12.76; shove =1.43; poth =1.43,pdi =46.05; sdi =77.18; age =28,False
9339,Weston Way,3398,3457,All,451,RehabCS_UM,Rehab_cs,Mono,13,2036,False,False,118880,743,mesh_cracks =3.4; shove =1.32; poth =1.35,pdi =31.78; sdi =50.99; age =31,False
15,Fendall Close,0,438,All,253,Preseal_CS,Holding,Mono,13,2036,False,False,164400,164400,mesh_cracks =1.14; shove =0; poth =1,pdi =31; sdi =61.47; age =8,False
17,Ash Drive,0,318,All,286,RehabCS_UM,Rehab_cs,Mono,13,2036,False,False,376480,2353,mesh_cracks =9.18; shove =1.62; poth =0.67,pdi =26.28; sdi =31.96; age =17,False
7056,Dawick Street,78,88,All,170,RehabAC_UL,Rehab_ac,Mono,13,2036,False,False,13120,82,mesh_cracks =43.4; shove =1.07; poth =0.17,pdi =65.46; sdi =51.98; age =20,False
1013,Brook Street North,0,220,All,0,RMaint,Maintenance,Mono,13,2036,False,False,1010.76,1010.7620615913991,mesh_cracks =2.39; shove =1.31; poth =1.35,pdi =18.81; sdi =23.22; age =32,False
4,Highfield Drive,0,71,All,3,RMaint,Maintenance,Mono,13,2036,False,False,262.7,262.70028203425267,mesh_cracks =9.61; shove =1.35; poth =1.36,pdi =26.67; sdi =21.55; age =28,False
6,Croatia Avenue,0,42,All,6,RMaint,Maintenance,Mono,13,2036,False,False,158.52,158.51851946800105,mesh_cracks =2.6; shove =1.95; poth =1.14,pdi =17.75; sdi =19.91; age =21,False
6,Croatia Avenue,42,76,All,7,RMaint,Maintenance,Mono,13,2036,False,False,89.75,89.7464883839667,mesh_cracks =2.6; shove =1.33; poth =1.35,pdi =19.21; sdi =20.66; age =51,False
8,Tarras Road,0,86,All,9,RMaint,Maintenance,Mono,13,2036,False,False,529.64,529.6436630809072,mesh_cracks =3.26; shove =1.65; poth =0.76,pdi =14.43; sdi =15.71; age =20,False
8,Tarras Road,86,120,All,10,RMaint,Maintenance,Mono,13,2036,False,False,205.52,205.51775591715733,mesh_cracks =2.15; shove =1.42; poth =0.53,pdi =10.75; sdi =12.86; age =24,False
9,Kowhai Glen,0,305,All,11,RMaint,Maintenance,Mono,13,2036,False,False,765.28,765.2819759254191,mesh_cracks =4.27; shove =1.35; poth =1.36,pdi =20.23; sdi =18.89; age =46,False
30,Curly McLeod Way,69,82,All,118,RMaint,Maintenance,Mono,13,2036,False,False,21.15,21.146636151893674,mesh_cracks =0; shove =0; poth =0,pdi =18.89; sdi =47.23; age =7,False
30,Curly McLeod Way,69,82,All,403,RMaint,Maintenance,Mono,13,2036,False,False,16.21,16.2143603698643,mesh_cracks =0; shove =0; poth =0,pdi =18.89; sdi =47.23; age =7,False
15,Fendall Close,643,736,All,152,ChipSeal_H,Holding,Mono,14,2037,True,False,19020,1902,mesh_cracks =0; shove =0; poth =0,pdi =0; sdi =0; age =0,False
30,Curly McLeod Way,0,69,All,178,SecondCoat,Preserve,Mono,14,2037,True,False,5520,552,mesh_cracks =1; shove =1; poth =1,pdi =12.2; sdi =12.62; age =5,False
35,Leicester Place,0,660,All,243,SecondCoat,Preserve,Mono,14,2037,True,False,64180,6418,mesh_cracks =1; shove =1; poth =1,pdi =12.2; sdi =12.62; age =5,False
15,Fendall Close,0,438,All,253,ChipSeal_H,Holding,Mono,14,2037,True,False,54800,5480,mesh_cracks =0; shove =0; poth =0,pdi =0; sdi =0; age =0,False
15,Fendall Close,643,736,All,352,SecondCoat,Preserve,Mono,14,2037,True,False,19020,1902,mesh_cracks =1; shove =1; poth =1,pdi =12.2; sdi =12.5; age =1,False
44,Dickins Lane,474,1091,All,495,SecondCoat,Preserve,Mono,14,2037,True,False,43950,4395,mesh_cracks =1; shove =1; poth =1,pdi =12.2; sdi =12.62; age =5,False
35,Leicester Place,0,660,All,251,RehabCS_UL,Rehab_cs,Mono,14,2037,False,False,770160,6418,mesh_cracks =4.54; shove =1; poth =2.16,pdi =34.58; sdi =41.41; age =15,False
1037,Epiha Road Upper,0,415,All,102,RehabCS_UH,Rehab_cs,Mono,14,2037,False,False,747000,3735,mesh_cracks =5.18; shove =2.43; poth =2.14,pdi =34.07; sdi =38.02; age =23,False
37,Freemason Avenue,0,149,All,240,RehabCS_UL,Rehab_cs,Mono,14,2037,False,False,232440,1937,mesh_cracks =4.94; shove =1.57; poth =1.57,pdi =35.56; sdi =53.17; age =29,False
9339,Weston Way,2385,2696,All,357,Preseal_CS,Holding,Mono,14,2037,False,False,94056,94056,mesh_cracks =7.91; shove =1.68; poth =1.61,pdi =33.55; sdi =39.29; age =29,False
38,Tyler Place,0,279,All,430,Preseal_CS,Holding,Mono,14,2037,False,False,36162,36161.99999999999,mesh_cracks =7.83; shove =1.67; poth =1.61,pdi =33.41; sdi =39.12; age =30,False
38,Tyler Place,334,389,All,290,Preseal_CS,Holding,Mono,14,2037,False,False,10494,10494,mesh_cracks =7.83; shove =1.67; poth =1.61,pdi =33.41; sdi =39.12; age =45,False
1013,Brook Street North,0,220,All,0,RMaint,Maintenance,Mono,14,2037,False,False,1074.78,1074.783427478936,mesh_cracks =2.83; shove =1.5; poth =1.55,pdi =21.83; sdi =26.85; age =33,False
4,Highfield Drive,0,71,All,3,RMaint,Maintenance,Mono,14,2037,False,False,280.63,280.63145441922546,mesh_cracks =11.1; shove =1.54; poth =1.57,pdi =30.9; sdi =25.33; age =29,False
6,Croatia Avenue,0,42,All,6,RMaint,Maintenance,Mono,14,2037,False,False,169.97,169.97464238041678,mesh_cracks =3.09; shove =2.09; poth =1.29,pdi =20.3; sdi =22.85; age =22,False
6,Croatia Avenue,42,76,All,7,RMaint,Maintenance,Mono,14,2037,False,False,94.44,94.44257549305864,mesh_cracks =3.09; shove =1.52; poth =1.55,pdi =22.33; sdi =24.2; age =52,False
7,Lumbarda Drive,0,152,All,8,RMaint,Maintenance,Mono,14,2037,False,False,665.3,665.2963210487902,mesh_cracks =1.36; shove =1.15; poth =0.25,pdi =6.14; sdi =7.6; age =21,False
8,Tarras Road,0,86,All,9,RMaint,Maintenance,Mono,14,2037,False,False,565.37,565.3726031195225,mesh_cracks =3.71; shove =1.77; poth =0.89,pdi =16.74; sdi =18.44; age =21,False
8,Tarras Road,86,120,All,10,RMaint,Maintenance,Mono,14,2037,False,False,219.51,219.50594769564188,mesh_cracks =2.42; shove =1.53; poth =0.64,pdi =12.7; sdi =15.39; age =25,False
10,Upper Ahu Ahu Road,46,68,All,15,RMaint,Maintenance,Mono,14,2037,False,False,114.82,114.82487376891768,mesh_cracks =6.07; shove =2.2; poth =1.33,pdi =24.09; sdi =24.26; age =25,False
33,Okoare Lane,0,58,All,154,SecondCoat,Preserve,Mono,15,2038,True,False,3710,371,mesh_cracks =1; shove =1; poth =1,pdi =12.2; sdi =12.62; age =5,False
11,Lower Ahu Ahu Road,0,158,All,223,SecondCoat,Preserve,Mono,15,2038,True,False,12640,1264,mesh_cracks =1; shove =1; poth =1,pdi =12.2; sdi =12.62; age =5,False
38,Tyler Place,334,389,All,290,ChipSeal_H,Holding,Mono,15,2038,True,False,5830,583,mesh_cracks =0; shove =0; poth =0,pdi =0; sdi =0; age =0,False
26,Stud Road,0,205,All,310,SecondCoat,Preserve,Mono,15,2038,True,False,26860,2686,mesh_cracks =1; shove =1; poth =1,pdi =12.2; sdi =12.5; age =2,False
9339,Weston Way,2385,2696,All,357,ChipSeal_H,Holding,Mono,15,2038,True,False,39190,3919,mesh_cracks =0; shove =0; poth =0,pdi =0; sdi =0; age =0,False
44,Dickins Lane,474,1091,All,401,SecondCoat,Preserve,Mono,15,2038,True,False,43950,4395,mesh_cracks =1; shove =1; poth =1,pdi =12.2; sdi =12.62; age =5,False
38,Tyler Place,0,279,All,430,ChipSeal_H,Holding,Mono,15,2038,True,False,20090,2009,mesh_cracks =0; shove =0; poth =0,pdi =0; sdi =0; age =0,False
36,Paneika Lane,370,391,All,437,SecondCoat,Preserve,Mono,15,2038,True,False,2310,231,mesh_cracks =1; shove =1; poth =1,pdi =12.2; sdi =12.62; age =5,False
10,Upper Ahu Ahu Road,0,46,All,467,SecondCoat,Preserve,Mono,15,2038,True,False,3680,368,mesh_cracks =1; shove =1; poth =1,pdi =12.2; sdi =12.62; age =5,False
15,Fendall Close,0,438,All,414,Preseal_CS,Holding,Mono,15,2038,False,False,164400,164400,mesh_cracks =8.8; shove =1.91; poth =1.84,pdi =37.69; sdi =44.62; age =25,False
43,Infantry Lane,0,95,All,299,RehabCS_UL,Rehab_cs,Mono,15,2038,False,False,39840,332,mesh_cracks =3.33; shove =1.72; poth =2.93,pdi =36.76; sdi =83.9; age =33,False
20,Burkes Creek Road,765,1789,All,407,ChipSeal_P,Preserve,Mono,15,2038,False,False,133120,13312,mesh_cracks =1.4; shove =1.08; poth =1.1,pdi =33.49; sdi =64.45; age =10,False
21,Tapeka Heights Lane,0,277,All,297,RehabCS_UL,Rehab_cs,Mono,15,2038,False,False,432120,3601,mesh_cracks =15.8; shove =2.03; poth =1.87,pdi =48.6; sdi =52.97; age =31,False
9339,Weston Way,1999,2369,All,314,RehabCS_UH,Rehab_cs,Mono,15,2038,False,False,972600,4863,mesh_cracks =100; shove =1.4; poth =1.57,pdi =117.55; sdi =23.42; age =13,False
17,Ash Drive,0,318,All,46,Preseal_CS,Holding,Mono,15,2038,False,False,56472,56472,mesh_cracks =14.56; shove =1.89; poth =0.92,pdi =37.37; sdi =42.37; age =19,False
9339,Weston Way,2385,2696,All,441,Preseal_CS,Holding,Mono,15,2038,False,False,94056,94056,mesh_cracks =9.81; shove =1.93; poth =1.85,pdi =39.49; sdi =45.65; age =30,False
1038,Gossey Drive North,1319,1723,All,13,ChipSeal_P,Preserve,Mono,15,2038,False,False,36360,3636,mesh_cracks =6.39; shove =2.65; poth =1.72,pdi =32.62; sdi =37.7; age =24,False
4,Highfield Drive,0,71,All,3,Preseal_CS,Holding,Mono,15,2038,False,False,8946,8946,mesh_cracks =12.75; shove =1.77; poth =1.8,pdi =35.75; sdi =29.77; age =30,False
1013,Brook Street North,0,220,All,0,RMaint,Maintenance,Mono,15,2038,False,False,1142.34,1142.3408268377784,mesh_cracks =3.32; shove =1.72; poth =1.78,pdi =25.29; sdi =31.05; age =34,False
6,Croatia Avenue,0,42,All,6,RMaint,Maintenance,Mono,15,2038,False,False,182.12,182.11845591242053,mesh_cracks =3.63; shove =2.25; poth =1.46,pdi =23.25; sdi =26.29; age =23,False
6,Croatia Avenue,42,76,All,7,RMaint,Maintenance,Mono,15,2038,False,False,99.34,99.33810387838078,mesh_cracks =3.63; shove =1.74; poth =1.78,pdi =25.91; sdi =28.29; age =53,False
7,Lumbarda Drive,0,152,All,8,RMaint,Maintenance,Mono,15,2038,False,False,721.04,721.0364141756154,mesh_cracks =1.51; shove =1.23; poth =0.34,pdi =7.47; sdi =9.27; age =22,False
8,Tarras Road,0,86,All,9,RMaint,Maintenance,Mono,15,2038,False,False,602.96,602.9553809125623,mesh_cracks =4.23; shove =1.9; poth =1.02,pdi =19.3; sdi =21.52; age =22,False
8,Tarras Road,86,120,All,10,RMaint,Maintenance,Mono,15,2038,False,False,234.3,234.3035949433576,mesh_cracks =2.75; shove =1.64; poth =0.75,pdi =14.89; sdi =18.27; age =26,False
10,Upper Ahu Ahu Road,0,46,All,14,RMaint,Maintenance,Mono,15,2038,False,False,97.34,97.34377350082062,mesh_cracks =5.57; shove =0; poth =0,pdi =5.77; sdi =2.29; age =13,False
10,Upper Ahu Ahu Road,46,68,All,15,RMaint,Maintenance,Mono,15,2038,False,False,122.55,122.54993570918816,mesh_cracks =7; shove =2.37; poth =1.51,pdi =27.68; sdi =28.12; age =26,False
11,Lower Ahu Ahu Road,158,179,All,17,RMaint,Maintenance,Mono,15,2038,False,False,127.17,127.16523450004932,mesh_cracks =1.4; shove =1.24; poth =0.34,pdi =7.62; sdi =9.86; age =22,False
917,Port Street East,0,21,All,19,RMaint,Maintenance,Mono,15,2038,False,False,278.04,278.04490878132873,mesh_cracks =3.6; shove =1.7; poth =1.7,pdi =23.38; sdi =23.33; age =33,False
18,Monaghan Way,0,80,All,47,RMaint,Maintenance,Mono,15,2038,False,False,211.47,211.46833680501595,mesh_cracks =1.81; shove =1.43; poth =0.63,pdi =10.37; sdi =11.4; age =20,False
